Video ID,Channel name ,Time of Publishing,Title,Genre,Comment,corrected_text,generated_reason
o95ZA8YNb2Y,Channel i Tv,2018-04-14T15:00:05Z,ржХрж╛ржЧржЬ ржЦрзЗрж▓рж╛ | Paperfrogs | Short Film | Nuhash Humayun | SHAJBATI | Channel i TV,Entertainment,ржХржЦржирзЛ ржерзЗржорзЛ ржирж╛..рждрзЛржорж╛рж░ ржоржзрзНржпрзЗ рж╣рзБржорж╛рзЯрзБржи ржЖрж╣ржорзЗржж  рж╕рзНржпрж╛рж░ feel ржХрж░ржЫрж┐.. really u r talented..,ржХржЦржирзЛ ржерзЗржорзЛ ржирж╛ред рждрзЛржорж╛рж░ ржоржзрзНржпрзЗ рж╣рзБржорж╛рзЯрзВржи ржЖрж╣ржорзЗржж рж╕рзНржпрж╛рж░ржХрзЗ ржЕржирзБржнржм ржХрж░ржЫрж┐ред рж╕рждрзНржпрж┐ржЗ рждрзБржорж┐ ржкрзНрж░рждрж┐ржнрж╛ржмрж╛ржиред,ржерзЗржорзЛ ржирж╛.. - ржерзЗржорзЛ ржирж╛ред; feel ржХрж░ржЫрж┐ - ржЕржирзБржнржм ржХрж░ржЫрж┐; u r - рждрзБржорж┐ред
wOr8GVI-1OU,Elias Hossain,2022-01-30T10:02:28Z,"рж╕рждрзНржпржХрзЗ ржврзЗржХрзЗ ржорж┐ржерзНржпрж╛ рж╢рзЗржЦрж╛ржирзЛ рж╣ржЪрзНржЫрзЗ ржЖржорж╛ржжрзЗрж░, рж╕рждрзНржп ржЬрж╛ржирзБржи || ржЗрждрж┐рж╣рж╛рж╕рзЗрж░ ржЖрж╕рж▓ рж░рзБржк|| Behind The History || vol-1",Miscellaneous,рж╕рждрзНржпржмрж╛ржжрзАржжрзЗрж░ рж╕рж╛ржерзЗ ржЖрж▓рзНрж▓рж╛рж╣ ржЖржЫрзЗржи !,рж╕рждрзНржпржмрж╛ржжрзАржжрзЗрж░ рж╕рж╛ржерзЗ ржЖрж▓рзНрж▓рж╛рж╣ ржЖржЫрзЗржиред,Added a period at the end of the sentence.-!-.
ieUartdHkUU,Anupam Movies,2023-07-04T11:00:36Z,ржУ рж╕рж╛ржерзА ржЖржорж╛рж░ рждрзБржорж┐ ржХрзЗржи ржЪрж▓рзЗ ржпрж╛ржУ | Bapparaj | Shabnur | Amar Ontore Tumi | Movie Scene,Entertainment,"ржЖржЬ ржП ржЧрж╛ржиржЯрж╛ рзирзй ржмрж╛рж░ рж╢рзБржирзЗржЫрж┐,,ржХржорзЗржирзНржЯ ржХрж░рзЗ ржЧрзЗрж▓рж╛ржо... ЁЯШвЁЯШвЁЯШв","ржЖржЬ ржПржЗ ржЧрж╛ржиржЯрж╛ рзирзй ржмрж╛рж░ рж╢рзБржирзЗржЫрж┐, ржХржорзЗржирзНржЯ ржХрж░рзЗ ржЧрзЗрж▓рж╛ржоред ЁЯШвЁЯШвЁЯШв","ржП-ржПржЗ, ,, - ,ред"
CSGiwf7KlrQ,KAMRUF Multimedia,2012-12-27T13:47:46Z,"Bangladesh National Anthem , My golden Bengal ржЖржорж╛рж░ рж╕рзЛржирж╛рж░ ржмрж╛ржВрж▓рж╛, Amar Shonar Bangla   -  HD HQ",Entertainment,"ржЖржорж╛ржжрзЗрж░ ржжрзЗрж╢рзЗрж░ рж╕ржВржЧрзАрждржЯрж╛ рж╢рзБржирж▓рзЗ ржоржиржЯрж╛ ржЕржирзНржп рж░ржХржо рж╣рзЯрзЗ ржпрж╛рзЯ,,,,",ржЖржорж╛ржжрзЗрж░ ржжрзЗрж╢рзЗрж░ рж╕ржВржЧрзАржд рж╢рзБржирж▓рзЗ ржоржиржЯрж╛ ржЕржирзНржпрж░ржХржо рж╣рзЯрзЗ ржпрж╛рзЯред,"рж╕ржВржЧрзАрждржЯрж╛-рж╕ржВржЧрзАржд, ржЕржирзНржп рж░ржХржо-ржЕржирзНржпрж░ржХржо, ржпрж╛рзЯ,,,,-ржпрж╛рзЯред"
M3GPq-t83RU,Shihab Hossain,2021-02-22T11:38:16Z,Oviman - lyrics | ржЕржнрж┐ржорж╛ржи | Tumi BujhoniтАЛ Ami BoliniтАЛ | Tanveer Evan | Piran Khan | Bangla Song 2021,Entertainment,рзи ржмржЫрж░ рж╣ржпрж╝рзЗ ржЧрзЗржЫрзЗ ржХрж┐ржирзНрждрзБ ржЧрж╛ржи ржЯрж╛ ржкрзБрж░рзЛржирзЛ рж╣ржпрж╝ржирж┐ ржЖржЬржУ ржоржирзЗрж░ ржорж╛ржЭрзЗ ржЖржЫрзЗ ЁЯТЭ,"рзи ржмржЫрж░ рж╣ржпрж╝рзЗ ржЧрзЗржЫрзЗ, ржХрж┐ржирзНрждрзБ ржЧрж╛ржиржЯрж╛ ржкрзБрж░рзЛржирзЛ рж╣ржпрж╝ржирж┐; ржЖржЬржУ ржоржирзЗрж░ ржорж╛ржЭрзЗ ржЖржЫрзЗред ЁЯТЭ","ржЯрж╛ - ржЯрж╛, ; - ;"
h06EEkQGVHs,DIPU official,2022-06-01T17:58:20Z,рж╣рж╛ржЬрж╛рж░ рж╣рж╛ржЬрж╛рж░ ржбрж┐ржкрзНрж░рж╢ржирзЗ ржерж╛ржХрж╛ ржорж╛ржирзБрж╖рзЗрж░ ржЖрж░рзНрждржирж╛ржж ll most popular song 2022 ll emu official music ржПржЗ ржЕржмрзЗрж▓рж╛рзЯ,Entertainment,"ржПржЦрж╛ржирзЗ ржЖржорж╛рж░ ржЪрж┐рзОржХрж╛рж░ ржУ ржЫрж┐рж▓рзЛ ржнрж╛ржЗ, рж╕рзЗржжрж┐ржи ржоржи ржЦрзБрж▓рзЗ ржЪрж┐рзОржХрж╛рж░ ржХрж░рзЗ, ржоржирзЗрж░ ржжрзБржГржЦ ржорзБржЦ ржжрж┐рзЯрзЗ ржмрзЗрж░ ржХрж░ржЫрж┐рж▓рж╛ржо ЁЯТФЁЯШЕЁЯЦдЁЯеА",ржПржЦрж╛ржирзЗ ржЖржорж╛рж░ ржЪрж┐рзОржХрж╛рж░ржУ ржЫрж┐рж▓ ржнрж╛ржЗред рж╕рзЗржжрж┐ржи ржоржи ржЦрзБрж▓рзЗ ржЪрж┐рзОржХрж╛рж░ ржХрж░рзЗ ржоржирзЗрж░ ржжрзБржГржЦ ржорзБржЦ ржжрж┐рзЯрзЗ ржмрзЗрж░ ржХрж░ржЫрж┐рж▓рж╛ржоред ЁЯТФЁЯШЕЁЯЦдЁЯеА,ржУ ржЫрж┐рж▓рзЛ - ржУ ржЫрж┐рж▓ред
7QHR16rEt3E,Laser Vision,2017-12-14T14:34:51Z,"Guerrilla | Bangla Movie |  Joya Ahsan, Ferdous | Nasiruddin Yousuff |",Entertainment,"ржмрж╣рзБ ржХрж╛рж╣рж┐ржирж┐ ржирждрзБржи ржнрж╛ржмрзЗ ржЬрж╛ржирждрзЗ ржкрж╛рж░рж▓рж╛ржоред ЁЯШФ ржжрзЗрж╢ржЯрж╛ ржХрзЛржирзЛ ржзрж░рзНржорзЗрж░ ржирзЯ,  ржЖржорж╛ржжрзЗрж░ рж╕ржХрж▓рзЗрж░ред","ржмрж╣рзБ ржХрж╛рж╣рж┐ржирж┐ ржирждрзБржиржнрж╛ржмрзЗ ржЬрж╛ржирждрзЗ ржкрж╛рж░рж▓рж╛ржоред ЁЯШФ ржжрзЗрж╢ржЯрж╛ ржХрзЛржирзЛ ржмрж┐рж╢рзЗрж╖ ржзрж░рзНржорзЗрж░ ржирзЯ, ржЖржорж╛ржжрзЗрж░ рж╕ржХрж▓рзЗрж░ред","ржирждрзБржи ржнрж╛ржмрзЗ - ржирждрзБржиржнрж╛ржмрзЗ, ржзрж░рзНржорзЗрж░ - ржмрж┐рж╢рзЗрж╖ ржзрж░рзНржорзЗрж░ред"
xNhU3MJyyD0,SOMOY TV,2022-02-02T09:56:57Z,ржЖрж╕рж╛ржорж┐ржХрзЗ ржзрж░рждрзЗ ржкрж╛ржирзЗрж░ ржжрзЛржХрж╛ржиржжрж╛рж░рзЗрж░ ржЫржжрзНржоржмрзЗрж╢рзЗ ржкрзБрж▓рж┐рж╢ | Chottagram News | BD Police | Somoy TV,News,"ржПрждрзЛ ржЯрж╛ржХрж╛рж░ ржорж╛рж▓рж┐ржХ рж╣рзЯрзЗ ржХрж┐ рж▓рж╛ржн рж╣рж▓рзЛ,рж╕рзЗржЗ ржЯрзЯрж▓рзЗржЯрзЗрж░ ржЙржкрж░ржЗ рж▓рзБржХрж╛рждрзЗ рж╣рж▓рзЛ!","ржПржд ржЯрж╛ржХрж╛рж░ ржорж╛рж▓рж┐ржХ рж╣рзЯрзЗ ржХрзА рж▓рж╛ржн рж╣рж▓, рж╕рзЗржЗ ржЯрзЯрж▓рзЗржЯрзЗрж░ ржУржкрж░рзЗржЗ рж▓рзБржХрж╛рждрзЗ рж╣рж▓!","ржПрждрзЛ-ржПржд, ржХрж┐-ржХрзА, рж╕рзЗржЗ-рж╕рзЗ, ржЙржкрж░ржЗ-ржУржкрж░рзЗржЗ, рж╣рж▓рзЛ-рж╣рж▓ред"
acagRREpim0,Mama Problem?,2021-07-11T16:48:42Z,ржЖрж░рзНржЬрзЗржирзНржЯрж┐ржирж╛ VS ржмрзНрж░рж╛ржЬрж┐рж▓|ржлрж╛ржЗржирж╛рж▓|ржХрзЛржкрж╛ ржЖржорзЗрж░рж┐ржХрж╛ рзирзжрзирзз|Football Bangla Funny Dubbing Mama Problem New,Entertainment,ржЖрж░рзЗ ржмрзНрж░рж╛ржЬрж┐рж▓ ржлрж╛ржЬрж┐рж▓ ржнрж┐ржХрзНрж╖рж╛ ржХрж░рзЗ ржорждрж┐ржЭрж┐рж▓ рж╕рзЗржЗ ржЫрж┐рж▓ ржнрж╛ржЗ ЁЯдгЁЯдгЁЯдг,"ржЖрж░рзЗ ржмрзНрж░рж╛ржЬрж┐рж▓, ржлрж╛ржЬрж┐рж▓! ржнрж┐ржХрзНрж╖рж╛ ржХрж░рзЗ ржорждрж┐ржЭрж┐рж▓, рж╕рзЗржЗ ржЫрж┐рж▓ ржнрж╛ржЗред ЁЯдгЁЯдгЁЯдг",Added commas to improve readability.
nh09wigH5eU,"Life, Travel & Treats",2022-08-27T23:14:57Z,ржкрзБрж▓рж┐рж╢рзЗрж░ рж╕рж╛ржерзЗ ржЖржорж╛рж░ ржЧрж╛ржбрж╝рж┐ Accident ржмрж╛ржВрж▓рж╛ржжрзЗрж╢рзЗ  | ржмрж╛ржХрж┐ ржЯрж╛ ржЗрждрж┐рж╣рж╛рж╕ | BD incident,Miscellaneous,"рж╕рзНржпрж╛рж▓рзБржЯ ржнрж╛ржЗ, ржЕржирзНрждрж░рзЗрж░ ржЕржирзНрждрж╕рзНрждрж▓ ржерзЗржХрзЗ ржЬрж╛ржирж╛ржЗ рж╕ржорзНржорж╛ржи ржУ ржХрзГрждржЬрзНржЮрждрж╛ЁЯЦд","рж╕рзНржпрж╛рж▓рзБржЯ ржнрж╛ржЗ, ржЕржирзНрждрж░рзЗрж░ ржЕржирзНрждрж╕рзНржерж▓ ржерзЗржХрзЗ ржЬрж╛ржирж╛ржЗ рж╕ржорзНржорж╛ржи ржУ ржХрзГрждржЬрзНржЮрждрж╛ ЁЯЦдред",ржЕржирзНрждрж╕рзНрждрж▓ - ржЕржирзНрждрж╕рзНржерж▓ред
25md9g9P3qo,ATN Bangla News,2023-11-02T13:35:18Z,ржЧржгржнржмржирзЗрж░ рж╕рж╛ржоржирзЗ рж╕рж╛ржмрзЗржХ рж╕рзНржмрж░рж╛рж╖рзНржЯрзНрж░ ржкрзНрж░рждрж┐ржоржирзНрждрзНрж░рзА рж╕рзЗрж╛рж╣рзЗрж▓ рждрж╛ржЬрзЗрж░ ржЕржмрж╕рзНржерж╛ржи | Sohel Taj | ATN Bangla News,Politics,ржЖржорж╛ржжрзЗрж░ рждрж░рзБржиржжрзЗрж░ ржЖржжрж░рзНрж╢ред рждрж┐ржирж┐ ржпржжрж┐ ржХрзЛржиржжрж┐ржи ржП рж░рж╛ржЬржирзАрждрж┐рждрзЗ ржХрзЛржи ржжрж▓ ржкрзНрж░рждрж┐рж╖рзНржарж╛ ржХрж░рзЗ ржЗржирж╢рж╛ржЖрж▓рзНрж▓рж╛рж╣ ржЖржорж┐ рждрж╛рж░ ржПржХржЬржи ржХрж░рзНржорзА рж╣рждрзЗ ржЪрж╛ржЗредЁЯОЙ,"ржЖржорж╛ржжрзЗрж░ рждрж░рзБржгржжрзЗрж░ ржЖржжрж░рзНрж╢ рждрж┐ржирж┐ред рждрж┐ржирж┐ ржпржжрж┐ ржХрзЛржирзЛржжрж┐ржи ржПржЗ рж░рж╛ржЬржирзАрждрж┐рждрзЗ ржХрзЛржирзЛ ржжрж▓ ржкрзНрж░рждрж┐рж╖рзНржарж╛ ржХрж░рзЗржи, ржЗржирж╢рж╛ржЖрж▓рзНрж▓рж╛рж╣ ржЖржорж┐ рждрж╛ржБрж░ ржПржХржЬржи ржХрж░рзНржорзА рж╣рждрзЗ ржЪрж╛ржЗред","рждрж░рзБржиржжрзЗрж░ - рждрж░рзБржгржжрзЗрж░, ржП - ржПржЗ, ржХрж░рзЗ - ржХрж░рзЗржи, рждрж╛рж░ - рждрж╛ржБрж░ред"
MXXE-nzdqPY,Jubaer Talukder,2022-12-24T15:11:06Z,Khulna Travel Vlog | ржЦрзБрж▓ржирж╛ ржнрзНрж░ржоржи ржЧрж▓рзНржк,Miscellaneous,"ржирж┐ржЬрзЗрж░ рж╢рж┐рж╢рзБржХрж╛рж▓ ржХрзЗржЯрзЗржЫрзЗ ржЦрзБрж▓ржирж╛рждрзЗ,,ржкрзНрж░рж╛рзЯ рззрзж ржмржЫрж░ред ржЦрзБржм ржорж┐рж╕ ржХрж░рж┐ ржПржЗ рж╢рж╣рж░ржЯрж╛ржХрзЗред","ржирж┐ржЬрзЗрж░ рж╢рзИрж╢ржм ржХрзЗржЯрзЗржЫрзЗ ржЦрзБрж▓ржирж╛рждрзЗ, ржкрзНрж░рж╛рзЯ рззрзж ржмржЫрж░ред ржЦрзБржм ржорж┐рж╕ ржХрж░рж┐ ржПржЗ рж╢рж╣рж░ржЯрж╛ржХрзЗред",рж╢рж┐рж╢рзБржХрж╛рж▓-рж╢рзИрж╢ржмред
62d6PfZxky0,Bangla Bhuter Golpo,2023-01-16T13:00:48Z,Bhuter Cartoon - Railway Station at 2am Night (True Story) Train Horror Story | Bangla Bhuter Golpo,Entertainment ,ржЖржкржирж╛ржжрзЗрж░ ржЧрж▓рзНржк ржЧрзБрж▓рзЛ ржЖржорж╛рж░ ржЦрзБржм ржнрж╛рж▓рзЛ рж▓рж╛ржЧрзЗ,ржЖржкржирж╛ржжрзЗрж░ ржЧрж▓рзНржкржЧрзБрж▓рзЛ ржЖржорж╛рж░ ржЦрзБржм ржнрж╛рж▓рзЛ рж▓рж╛ржЧрзЗред,ржЧрзБрж▓рзЛ - ржЧрж▓рзНржкржЧрзБрж▓рзЛред
wKopnRLydJY,Rtv News,2023-02-17T05:57:16Z,рж░рж╛рждрзНрж░рж┐рж░ ржмрж┐рзЯрзЗрж░ ржЖрж╕рж░рзЗ рж╣рж╛ржЬрж┐рж░ рзйрзж ржЬржи ржмрж░! ржорж╛ржерж╛ ржШрзБрж░рзЗ ржЧрзЗрж▓рзЛ ржХржирзЗ ржкржХрзНрж╖рзЗрж░ | Wedding |  Old Dhaka | Rtv News,News,ржмрж╛ржВрж▓рж╛ржжрзЗрж╢ ржЖрж░ ржнрж╛рж░ржд ржорж╛ржирзЗржЗ рж╢рзБржзрзБ ржмрж┐ржирзЛржжржирзЗ ржнрж░ржкрзБрж░,ржмрж╛ржВрж▓рж╛ржжрзЗрж╢ ржЖрж░ ржнрж╛рж░ржд ржорж╛ржирзЗржЗ рж╢рзБржзрзБ ржмрж┐ржирзЛржжржирзЗ ржнрж░ржкрзБрж░ред,No changes needed.
ViLdnu1frtU,CMV Entertainment,2023-11-14T06:00:19Z,ржХрж╛ржЬрзЗрж░ ржорзЗрзЯрзЗ рзкрзирзж ред Kajer Meye 420 | Afran Nisho | Mehazabien Chowdhury | New Bangla Natok Clip 2023,Entertainment,ржнрж╛ржЗ ржПржЗ ржирж╛ржЯржХ рждрзЛ ржЕржирзЗржХ ржЖржЧрзЗрж░ред ржирждрзБржи ржХрж░рзЗ ржЫрж╛рзЬржЫрзЗредЁЯШв,"ржнрж╛ржЗ, ржПржЗ ржирж╛ржЯржХ рждрзЛ ржЕржирзЗржХ ржЖржЧрзЗрж░ред ржирждрзБржи ржХрж░рзЗ ржЫрзЗрзЬрзЗржЫрзЗред ЁЯШв",ржЫрж╛рзЬржЫрзЗ - ржЫрзЗрзЬрзЗржЫрзЗред
EQseJIZXRl8,BBC News ржмрж╛ржВрж▓рж╛,2021-12-08T06:15:09Z,Kacha Badam: ржХрж╛ржБржЪрж╛ ржмрж╛ржжрж╛ржо ржнрж╛ржЗрж░рж╛рж▓ рж╣ржУрзЯрж╛рж░ ржкрж░ ржПржмрж╛рж░ ржирждрзБржи ржЧрж╛ржи ржмрж╛ржБржзрж▓рзЗржи ржнрзБржмржи ржмрж╛ржжрзНржпржХрж░,News,ржПржЗ ржмрж╛ржжрж╛ржо ржмрж╛ржжрж╛ржо ржЧрж╛ржи рж╢рзБржирждрзЗ рж╢рзБржирждрзЗ ржХрж╛ржи ржЭрж╛рж▓рж╛ржкрж╛рж▓рж╛,ржПржЗ ржмрж╛ржжрж╛ржо ржмрж╛ржжрж╛ржо ржЧрж╛ржи рж╢рзБржирждрзЗ рж╢рзБржирждрзЗ ржХрж╛ржи ржЭрж╛рж▓рж╛ржкрж╛рж▓рж╛ рж╣рзЯрзЗ ржЧрзЗрж▓ред,"Sentence is incomplete and missing the verb. ""рж╣рзЯрзЗ ржЧрзЗрж▓"" is added to complete the sentence and convey the intended meaning."
AyF-P9Rma-E,Bappa Mazumder,2015-11-14T07:19:28Z,Pori - Bappa Mazumder,Entertainment,ржЖржЧрзЗрж░ ржоржи ржЙржЬрж╛рж░ ржХрж░рж╛ ржЧрж╛ржи ржЧрзБрж▓рж┐ ржПржЦржи ржЖрж░ ржкрж╛ржЗ ржирж╛ЁЯШФ,ржЖржЧрзЗрж░ ржоржи ржЙржЬрж╛рзЬ ржХрж░рж╛ ржЧрж╛ржиржЧрзБрж▓рзЛ ржПржЦржи ржЖрж░ ржкрж╛ржЗ ржирж╛ред ЁЯШФ,ржЧрзБрж▓рж┐ - ржЧрж╛ржиржЧрзБрж▓рзЛ; ржЙржЬрж╛рж░ - ржЙржЬрж╛рзЬред
MxuHdD3FXvU,Sports Talkies,2021-05-11T13:15:16Z,рж╕рзЗрж░рж╛ ржорзНржпрж╛ржЪ!!! Bangladesh vs Sri Lanka Best Funny Video | Nidhas Trophy Dubbing | Sports Talkies,Sports,ржПрж░ржХржорзЗрж░  ржЦрзЗрж▓рж╛ ржПржЦржи ржЖрж░ рж╣рзЯ ржирж╛ЁЯШвЁЯШвЁЯШв,ржПрж░ржХржо ржЦрзЗрж▓рж╛ ржПржЦржи ржЖрж░ рж╣рзЯ ржирж╛ ЁЯШвЁЯШвЁЯШвред,ржПрж░ржХржорзЗрж░ - ржПрж░ржХржоред
xgMi3vUaw5Y,Baseera,2022-04-02T19:03:14Z,рж╕рж┐рж░рж╛рж╣ рзн тАУ ржЕрзНржпрж╛ржмрж┐рж╕рж┐ржирж┐рзЯрж╛ | Bangla Seerah,Miscellaneous,ржЖржкржирж╛ржжрзЗрж░ ржЬржирзНржп ржЕржирзНрждрж░ ржерзЗржХрзЗ рж╢рзБржзрзБ ржжрзЛрзЯрж╛ржЗ ржЖрж╕рзЗ  ржнрж╛ржЗЁЯЩВЁЯТЪ,ржЖржкржирж╛ржжрзЗрж░ ржЬржирзНржп ржЕржирзНрждрж░ ржерзЗржХрзЗ рж╢рзБржзрзБ ржжрзЛрзЯрж╛ ржЖрж╕рзЗ ржнрж╛ржЗредЁЯЩВЁЯТЪ,ржжрзЛрзЯрж╛ржЗ-ржжрзЛрзЯрж╛ред
xjYsy_WLUGc,Channel 24,2023-07-23T15:19:36Z,ржбрж┐ржмрж┐ рж╣рж╛рж░рзБржирзЗрж░ ржкрзНрж░рж╢ржВрж╕рж╛ ржХрж░рж▓рзЗржи рж╣рж┐рж░рзЛ ржЖрж▓ржо | Hero Alom | DB Police | Channel 24,News,"ЁЯШВЁЯШВ,ржХрзЛржи ржЫрж╛рзЬ рж╣ржмрзЗ ржирж╛, рж╣рж┐рж░рзЛ ржЖрж▓ржо ржнрж╛ржЗ","ржХрзЛржирзЛ ржЫрж╛рзЬ рж╣ржмрзЗ ржирж╛, рж╣рж┐рж░рзЛ ржЖрж▓ржо ржнрж╛ржЗред",ржХрзЛржирзЛ - ржХрзЛржирзЛред
wOr8GVI-1OU,Elias Hossain,2022-01-30T10:02:28Z,"рж╕рждрзНржпржХрзЗ ржврзЗржХрзЗ ржорж┐ржерзНржпрж╛ рж╢рзЗржЦрж╛ржирзЛ рж╣ржЪрзНржЫрзЗ ржЖржорж╛ржжрзЗрж░, рж╕рждрзНржп ржЬрж╛ржирзБржи || ржЗрждрж┐рж╣рж╛рж╕рзЗрж░ ржЖрж╕рж▓ рж░рзБржк|| Behind The History || vol-1",Miscellaneous,рж╕ржарж┐ржХ рждржерзНржп рждрзБрж▓рзЗ ржзрж░рж╛рж░ ржЬржирзНржп ржЖржкржирж╛ржХрзЗ ржзржирзНржпржмрж╛ржж ржЖрж▓рзНрж▓рж╛рж╣ ржЖржкржирж╛ржХрзЗ рж╣рзЗржлрж╛ржЬржд ржХрж░рзБржХ ржЖржорж┐ржиред,"рж╕ржарж┐ржХ рждржерзНржп рждрзБрж▓рзЗ ржзрж░рж╛рж░ ржЬржирзНржп ржЖржкржирж╛ржХрзЗ ржзржирзНржпржмрж╛ржжред ржЖрж▓рзНрж▓рж╛рж╣ ржЖржкржирж╛ржХрзЗ рж╣рзЗржлрж╛ржЬржд ржХрж░рзБржи, ржЖржорж┐ржиред",ржХржорж╛ ржпрзБржХрзНржд ржХрж░рж╛ рж╣рзЯрзЗржЫрзЗ ржПржмржВ ржХрж░рзБржХ-ржХрж░рзБржиред
f-rEHLDfXro,ржЗрждрж┐рж╣рж╛рж╕рзЗрж░ ржЕржирзБрж╕ржирзНржзрж╛ржирзЗ 7G,2022-11-26T10:03:44Z,рззрзжрзж ржмржЫрж░ ржЖржЧрзЗ рж╣рж╛рж░рж┐рзЯрзЗ ржпрж╛ржУрзЯрж╛ ржЧрзНрж░рж╛ржо ржХрзЗржоржи ржЫрж┐рж▓ ржЗрждрж┐рж╣рж╛рж╕рзЗрж░ ржЕржирзБрж╕ржирзНржзрж╛ржирзЗ 7G,Miscellaneous,"ржПржХрж╢рзЛ ржмржЫрж░ ржЖржЧрзЗ ржирж╛ ржорж╛рждрзНрж░ 30 ржмржЫрж░ ржЖржЧрзЗ,,,,,ржЖрж░ ржПрж░ржХржо ржПржЦржирзЛ ржХрзЛржирзЛ ржЕржЮрзНржЪрж▓рзЗ ржЖржЫрзЗ","ржПржХрж╢рзЛ ржмржЫрж░ ржЖржЧрзЗ ржирж╛ ржорж╛рждрзНрж░ рзйрзж ржмржЫрж░ ржЖржЧрзЗ, ржЖрж░ ржПрж░ржХржо ржПржЦржирзЛ ржХрзЛржирзЛ ржЕржЮрзНржЪрж▓рзЗ ржЖржЫрзЗ ржХрж┐?","30-рзйрзж, ,,,, - , ржЖрж░ -ржЖрж░, ржЖржЫрзЗ-ржЖржЫрзЗ ржХрж┐?"
xjYsy_WLUGc,Channel 24,2023-07-23T15:19:36Z,ржбрж┐ржмрж┐ рж╣рж╛рж░рзБржирзЗрж░ ржкрзНрж░рж╢ржВрж╕рж╛ ржХрж░рж▓рзЗржи рж╣рж┐рж░рзЛ ржЖрж▓ржо | Hero Alom | DB Police | Channel 24,News,"ржХрж┐ ржжрж░ржХрж╛рж░ ржорж╛рж░рж╛ржорж╛рж░рж┐ ржХрж░рж╛рж░??? ржмрж╛ржмрж╛ ржорж╛ ржХрж╖рзНржЯ ржХрж░рзЗ ржкрзЬрж╛рж╢рзЛржирж╛ ржХрж░рж╛рзЯ, ржЖрж░ ржЖржкржирж╛рж░рж╛ ржХрж░рзЗржи ржорж╛рж░рж╛ржорж╛рж░рж┐, ржмрж╛ржк ржорж╛рж░ ржорж╛ржи рж╕ржирзНржорж╛ржи ржХрж┐ржЫрзБржЗ ржерж╛ржХрзЗ ржирж╛ ЁЯШнЁЯШнЁЯШн","ржХрзА ржжрж░ржХрж╛рж░ ржорж╛рж░рж╛ржорж╛рж░рж┐ ржХрж░рж╛рж░? ржмрж╛ржмрж╛-ржорж╛ ржХрж╖рзНржЯ ржХрж░рзЗ ржкрзЬрж╛рж╢рзЛржирж╛ ржХрж░рж╛рзЯ, ржЖрж░ ржЖржкржирж╛рж░рж╛ ржХрж░рзЗржи ржорж╛рж░рж╛ржорж╛рж░рж┐ред ржмрж╛ржмрж╛-ржорж╛рж░ ржорж╛ржи-рж╕ржорзНржорж╛ржи ржХрж┐ржЫрзБржЗ ржерж╛ржХрзЗ ржирж╛ ЁЯШнЁЯШнЁЯШн","ржХрж┐-ржХрзА, ржХрж░рж╛рж░???-ржХрж░рж╛рж░?, ржмрж╛ржмрж╛ ржорж╛-ржмрж╛ржмрж╛-ржорж╛, ржмрж╛ржк ржорж╛рж░-ржмрж╛ржмрж╛-ржорж╛рж░, рж╕ржирзНржорж╛ржи-рж╕ржорзНржорж╛ржиред"
fIXp4CThVkI,ATN News,2024-01-07T18:12:34Z,рззрзйрзж ржмржЫрж░рзЗрж░ ржорзЯржлрзБрж▓ ржЫрзБржЯрзЗ ржПрж╕рзЗржЫрж┐рж▓рзЗржи рж╢рзЗржЦ рж╣рж╛рж╕рж┐ржирж╛ржХрзЗ ржнрзЛржЯ ржжрж┐рждрзЗ | Moyful | BD Election 2024 | ATN News,News,ржПржЗ ржЬржирзНржпржЗ рж╢рзЗржЦ рж╣рж╛рж╕рж┐ржирж╛ ржмрзЗржБржЪрзЗ ржЖржЫрзЗржи ржжрзБржирж┐ржпрж╝рж╛рж░ ржмрзБржХрзЗ,ржПржЗ ржЬржирзНржпржЗ рж╢рзЗржЦ рж╣рж╛рж╕рж┐ржирж╛ ржжрзБржирж┐рзЯрж╛рж░ ржмрзБржХрзЗ ржмрзЗржБржЪрзЗ ржЖржЫрзЗржиред,ржжрзБржирж┐ржпрж╝рж╛рж░ - ржжрзБржирж┐ржпрж╝рж╛рж░/ржжрзБржирж┐ржпрж╝рж╛рж░ред
uX_4qJn2E-I,Mahakash TV,2020-10-17T05:54:04Z,рж╕рзМрж░ржЬржЧрзО ржХрж┐ ? рж╕ржм ржЧрзНрж░рж╣ рж╕ржорзНржкрж░рзНржХрзЗ ржмрж┐рж╕рзНрждрж╛рж░рж┐ржд ржЬрж╛ржирзБржи | All Planets Information by Facts Knowing,Miscellaneous,ржЖрж▓рзНрж▓рж╛рж╣ рждрж╛рзЯрж╛рж▓рж╛рж░ ржХрж┐ рж╕рзБржирзНржжрж░ рж╕рзГрж╖рзНржЯрж┐ рж╕рзБржмрж╣рж╛ржирж╛рж╣рзБ,"ржЖрж▓рзНрж▓рж╛рж╣ рждрж╛рзЯрж╛рж▓рж╛рж░ ржХрж┐ рж╕рзБржирзНржжрж░ рж╕рзГрж╖рзНржЯрж┐, рж╕рзБржмрж╣рж╛ржирж╛рж▓рзНрж▓рж╛рж╣ред",рж╕рзБржмрж╣рж╛ржирж╛рж╣рзБ-рж╕рзБржмрж╣рж╛ржирж╛рж▓рзНрж▓рж╛рж╣ред
9s1ev89caO4,Jamuna TV,2022-06-26T13:40:00Z,ржкржжрзНржорж╛ рж╕рзЗрждрзБрж░ ржирж╛ржЯржмрж▓рзНржЯрзБ ржЦрзБрж▓рзЗ ржЯрж┐ржХржЯржХ ржнрж┐ржбрж┐ржУ! ржпрзБржмржХ ржЧрзНрж░рзЗржлрждрж╛рж░ | Padma Bridge Screw,News,ржПржЗ ржжрзЗрж╢рзЗ рж╕рждрзНржп ржЧрзЛржкржи ржерж╛ржХрж╛ржЗ ржирж┐рж░рж╛ржкржж,ржПржЗ ржжрзЗрж╢рзЗ рж╕рждрзНржп ржЧрзЛржкржи ржерж╛ржХрж╛ржЗ ржирж┐рж░рж╛ржкржжред,No changes needed.
VDkwtmKahXo,Open T School,2021-09-30T18:29:01Z,ржХрзЗ ржЫрж┐рж▓рзЗржи ржорж╣ржорзНржоржж ржЖрждрж╛ржЙрж▓ ржЧржгрж┐ ржУрж╕ржорж╛ржирзА | Who was Muhammad Ataul Goni Osmani | Biography | Information |,Miscellaneous,ржПржд ржмрзЬ ржПржХржЬржи ржорж╣рж╛ржи ржирзЗрждрж╛рж░ ржорзВрж▓рзНржпрж╛рзЯржи ржПржЗ ржжрзЗрж╢рзЗ ржирж╛ржЗред ржЖрж╕рж▓рзЗржЗ ржЖржорж╛ржжрзЗрж░ ржоржзрзНржпрзЗ ржХрзГрждржЬрзНржЮрждрж╛рж░ ржмрзЬржЗ ржЕржнрж╛ржм,ржПржд ржмрзЬ ржПржХржЬржи ржорж╣рж╛ржи ржирзЗрждрж╛рж░ ржорзВрж▓рзНржпрж╛рзЯржи ржПржЗ ржжрзЗрж╢рзЗ ржирзЗржЗред ржЖрж╕рж▓рзЗржЗ ржЖржорж╛ржжрзЗрж░ ржоржзрзНржпрзЗ ржХрзГрждржЬрзНржЮрждрж╛рж░ ржмрзЬржЗ ржЕржнрж╛ржмред,ржирж╛ржЗ - ржирзЗржЗред
hp2IWAT6TGs,Channel 24,2023-11-16T02:57:33Z,рждржлрж╕рж┐рж▓ ржШрзЛрж╖ржгрж╛; ржХрж┐ ржмрж▓ржЫрзЗржи рж╕рж╛ржзрж╛рж░ржг ржорж╛ржирзБрж╖ | Election Commission | Election 2024 | Tofshil Ghosona,News,ржзржирзНржпржмрж╛ржж рж╕рж╛ржВржмрж╛ржжрж┐ржХ рж╕рж╛рж╣рзЗржм рж╕рж╛ржзрж╛рж░ржг ржорж╛ржирзБрж╖рзЗрж░ ржорждрж╛ржоржд рждрзБрж▓рзЗ ржзрж░рж╛рж░ ржЬржирзНржп,"ржзржирзНржпржмрж╛ржж рж╕рж╛ржВржмрж╛ржжрж┐ржХ рж╕рж╛рж╣рзЗржм, рж╕рж╛ржзрж╛рж░ржг ржорж╛ржирзБрж╖рзЗрж░ ржорждрж╛ржоржд рждрзБрж▓рзЗ ржзрж░рж╛рж░ ржЬржирзНржпред","рж╕рж╛рж╣рзЗржм - рж╕рж╛рж╣рзЗржм,ред"
0RJgXG9cdRM,BBC News ржмрж╛ржВрж▓рж╛,2023-01-06T05:45:00Z,ржмрж┐ржПржиржкрж┐рж░ рж╕ржЩрзНржЧрзЗ рзйрзиржЯрж┐ ржжрж▓- рж╕рж░ржХрж╛рж░рзЗрж░ ржЬржирзНржп ржХрждржЯрж╛ рж╣рзБржоржХрж┐? | BBC Bangla,News,ржжрзЗрж╢рзЗрж░ ржкрзНрж░рждрж┐ржЯрж┐ ржорж╛ржирзБрж╖ рждрж╛рж░ ржнрзЛржЯрж╛ржзрж┐ржХрж╛рж░ ржлрзЗрж░ржд ржЪрж╛рзЯ,ржжрзЗрж╢рзЗрж░ ржкрзНрж░рждрж┐ржЯрж┐ ржорж╛ржирзБрж╖ рждрж╛рж░ ржнрзЛржЯрж╛ржзрж┐ржХрж╛рж░ ржлрзЗрж░ржд ржЪрж╛ржпрж╝ред,ржЪрж╛рзЯ-ржЪрж╛рзЯред
4_2ZYFgpm-U,SOMOY TV,2023-03-25T05:00:01Z,"рж╢рж┐ржХрзНрж╖рж╛рж░рзНржерзАрж░рж╛ ржХрзА ржЦрж╛ржЪрзНржЫрзЗржи, ржиржЬрж░ ржирзЗржЗ ржХрж╛рж░ржУ | Dhaka University | Hall Canteen | Somoy TV",News,ржкрзНрж░рж╢рж╛рж╕ржи ржЪрзЛржЦ ржмрзБржЬрзЗржЗ ржерж╛ржХржмрзЗ рж╕ржмрж╕ржорзЯ,ржкрзНрж░рж╢рж╛рж╕ржи ржХрж┐ рж╕ржмрж╕ржорзЯ ржЪрзЛржЦ ржмрзБржЬрзЗржЗ ржерж╛ржХржмрзЗ?,"Added ""ржХрж┐"" to turn the statement into a question, as ""always"" implies a query."
vhrPA04Man0,CINEMAWALA natok,2023-05-21T09:46:15Z,рж╣ржарж╛рзОржкрж╛ржУрзЯрж╛ ржмржЙ | Tawsif Mahbub | Keya Payel,Entertainment,"рж╣рзЗ ржЖрж▓рзНрж▓рж╛рж╣ ржЖржорж╛ржжрзЗрж░ ржЧрзБржирж╛рж╣ ржерзЗржХрзЗ ржорж╛ржл ржХрж░рзЛ рж╕ржХрж▓ ржмрж╛ржЗ,,ржУ,ржмрзЛржи ржжрзЗрж░ ржЖржорж┐ржиЁЯд▓ЁЯХЛЁЯСИЁЯХЛ","рж╣рзЗ ржЖрж▓рзНрж▓рж╛рж╣, ржЖржорж╛ржжрзЗрж░ ржЧрзБржирж╛рж╣ ржерзЗржХрзЗ ржорж╛ржл ржХрж░рзЛред рж╕ржХрж▓ ржнрж╛ржЗ ржУ ржмрзЛржиржжрзЗрж░ ржЖржорж┐ржиред ЁЯд▓ЁЯХЛЁЯХЛ","ржЧрзБржирж╛рж╣-ржЧрзБржирж╛рж╣, ржмрж╛ржЗ,,ржУ,ржмрзЛржи ржжрзЗрж░-ржнрж╛ржЗ ржУ ржмрзЛржиржжрзЗрж░, ржЖржорж┐ржиЁЯд▓ЁЯХЛЁЯСИЁЯХЛ-ржЖржорж┐ржиред ЁЯд▓ЁЯХЛЁЯХЛ"
e9VeNFdh9hI,E-Sound Music,2022-11-11T10:00:08Z,ржорж╛ржирзБрж╖ ржмржбрж╝ржЗ рж╕рзНржмрж╛рж░рзНржержкрж░ | Manush Boroi Sharthopor | Baul Sukumar (Official Video) Bangla Song 2022,Entertainment,ржХрж┐ ржЕрж╕рж╛ржзрж╛рж░ржг рж╕рзБрж░ ржЖрж░ ржЧрж╛ржирзЗрж░ ржХржерж╛,ржХрзА ржЕрж╕рж╛ржзрж╛рж░ржг рж╕рзБрж░ ржЖрж░ ржЧрж╛ржирзЗрж░ ржХржерж╛!,"ржХрж┐-ржХрзА, Added an exclamation mark at the end to denote the feeling of awe."
lmZEQmEEtTc,ATN News,2023-05-06T16:28:49Z,рж▓рж╛ржЦ рж▓рж╛ржЦ ржлрж▓рзЛрзЯрж╛рж░рзЗрж░ ржкрзНрж░рж┐рзЯ ржорж╛ржирзБрж╖ рж╣рзЯрзЗ ржУржарж╛ ржХрзЗ ржПржЗ ржирж╛ржжрж┐рж░ ржирж┐ржмрж░рж╛рж╕? | Nadir |  ATN News,Entertainment,ржЕржирзЗржХржжрж┐ржи ржзрж░рзЗ ржирж╛ржжрж┐ржо ржнрж╛ржЗ ржПрж░ ржлрзЗржи ржХрж┐ржирзНрждрзБ ржЖржЬржХрзЗ ржкрзНрж░ржержо ржЬрж╛ржирждрзЗ ржкрж╛рж░рж▓рж╛ржо рждрж┐ржирж┐ ржЖржорж╛ржжрзЗрж░ ржжрж┐ржирж╛ржЬржкрзБрж░рзЗрж░ ржЫрзЗрж▓рзЗ love you bhai,"ржЕржирзЗржХржжрж┐ржи ржзрж░рзЗ ржирж╛ржжрж┐ржо ржнрж╛ржЗрзЯрзЗрж░ ржлрзНржпрж╛ржи, ржХрж┐ржирзНрждрзБ ржЖржЬржХрзЗ ржкрзНрж░ржержо ржЬрж╛ржирждрзЗ ржкрж╛рж░рж▓рж╛ржо рждрж┐ржирж┐ ржЖржорж╛ржжрзЗрж░ ржжрж┐ржирж╛ржЬржкрзБрж░рзЗрж░ ржЫрзЗрж▓рзЗред рж▓рж╛ржн ржЗржЙ ржнрж╛ржЗред","ржПрж░ - ржнрж╛ржЗрзЯрзЗрж░, ржлрзЗржи - ржлрзНржпрж╛ржи, love you bhai - рж▓рж╛ржн ржЗржЙ ржнрж╛ржЗред"
fdEu2zHRMIc,Kureghor,2021-11-29T13:05:03Z,рждрж╛ржЗрждрзЛ ржЖржЗрж▓рж╛ржо рж╕рж╛ржЧрж░рзЗ | Taito Ailam Sagore | Tasrif Khan | Saint Martin Island,Entertainment,ржХржЦржирзЛ ржкрзБрж░рж╛рждржи рж╣ржмрзЗ ржирж╛ ржПржЗ ржЧрж╛ржиржЯрж┐ тЭд,ржХржЦржиржУ ржкрзБрж░рж╛ржирзЛ рж╣ржмрзЗ ржирж╛ ржПржЗ ржЧрж╛ржиржЯрж┐ред,ржкрзБрж░рж╛рждржи - ржкрзБрж░рж╛ржирзЛред
3L-gontFoYw,ATN Bangla News,2023-11-18T16:17:32Z,ржЕржнрж┐ржирзЗрждрзНрж░рзА рждрж╛ржиржЬрж┐ржи рждрж┐рж╢рж╛рж░ ржХрж┐ рж╣рзЯрзЗржЫрж┐рж▓ рж╕рзЗржжрж┐ржи ? Actress | Tanjin Tisha | ATN Bangla News,News,"ржПржжрзЗрж░ ржЬржирзНржп рж╕ржмрж╛ржЗ ржЖржмрж╛рж░ ржЕрж╕рзНржерж┐рж░ ржерж╛ржХрзЗЁЯШВЁЯШВЁЯШВ,",ржПржжрзЗрж░ ржЬржирзНржп рж╕ржмрж╛ржЗ ржЖржмрж╛рж░ ржЕрж╕рзНржерж┐рж░ ржерж╛ржХрзЗред,ЁЯШВЁЯШВЁЯШВ - ред
EEJtX-nVXM8,CMV,2023-03-19T09:01:03Z,Bou Bojhena | ржмржЙ ржмрзЛржЭрзЗржирж╛ | Bangla Natok | Tawsif Mahbub | Keya Payel | Eid Natok | Bangla Natok 2023,Entertainment,рждрзМрж╕рж┐ржл ржнрж╛ржЗ ржУ ржХрзЗрзЯрж╛ ржЖржкрзБ ржПржХрж╕рж╛ржерзЗ ржирж╛ржЯржХржЯрж╛ ржЦрзБржмржЗ ржЪржорзОржХрж╛рж░ рж▓рж╛ржЧрж▓рзЛред,рждрзМрж╕рж┐ржл ржнрж╛ржЗ ржУ ржХрзЗрзЯрж╛ ржЖржкрзБржХрзЗ ржПржХрж╕рж╛ржерзЗ ржирж╛ржЯржХржЯрж╛ ржЦрзБржмржЗ ржЪржорзОржХрж╛рж░ рж▓рзЗржЧрзЗржЫрзЗред,"рж▓рж╛ржЧрж▓рзЛ-рж▓рзЗржЧрзЗржЫрзЗ, ржХрзЗрзЯрж╛ ржЖржкрзБ - ржХрзЗрзЯрж╛ ржЖржкрзБржХрзЗред"
M1_Lf8L6aLw,Salahuddin Sumon,2023-05-07T15:22:27Z,ржмрж╛рж╣рзБржмрж▓рзА рж╕рж┐ржирзЗржорж╛рж░ рж╢рзНржпрзБржЯрж┐ржВ рж╣рзЯрзЗржЫрж┐рж▓рзЛ ржХрзЗрж░рж╛рж▓рж╛рж░ ржпрзЗ ржЬрж▓ржкрзНрж░ржкрж╛рждрзЗ || Bahubali Waterfalls | Athirapilly Waterfalls,Entertainment,ржЕржирзЗржХ ржзржирзНржпржмрж╛ржж рж╕рж╛рж▓рж╛ржЙржжрзНржжрж┐ржи ржнрж╛ржЗ ржЖржкржирж╛ржХрзЗредржЖрж░  ржЖржкржирж╛рж░ ржЬржирзНржп ржЖржорж╛ржжрзЗрж░ ржпрзЗржЦрж╛ржирзЗ ржпрж╛ржУржпрж╝рж╛ ржХржЦржирзЛ рж╕ржорзНржнржм ржиржпрж╝ рж╕рзЗржЗ ржЬрж╛ржпрж╝ржЧрж╛рж░ рж╕рзНржерж╛ржиржЧрзБрж▓рзЛржХрзЗ ржЖржкржирж╛рж░ vlog ржПрж░ ржЬржирзНржп  ржжрзЗржЦрждрзЗ ржкрж╛ржЪрзНржЫрж┐,ржЕржирзЗржХ ржзржирзНржпржмрж╛ржж рж╕рж╛рж▓рж╛ржЙржжрзНржжрж┐ржи ржнрж╛ржЗ ржЖржкржирж╛ржХрзЗред ржЖрж░ ржЖржкржирж╛рж░ ржЬржирзНржп ржЖржорж░рж╛ ржпрзЗржЦрж╛ржирзЗ ржпрж╛ржУржпрж╝рж╛ ржХржЦржирзЛ рж╕ржорзНржнржм ржиржпрж╝ рж╕рзЗржЗ ржЬрж╛ржпрж╝ржЧрж╛рж░ рж╕рзНржерж╛ржиржЧрзБрж▓рзЛржХрзЗ ржЖржкржирж╛рж░ ржнрзНрж▓ржЧрзЗрж░ ржорж╛ржзрзНржпржорзЗ ржжрзЗржЦрждрзЗ ржкрж╛ржЪрзНржЫрж┐ред,"ржпрзЗржЦрж╛ржирзЗ ржпрж╛ржУржпрж╝рж╛ ржХржЦржирзЛ рж╕ржорзНржнржм ржиржпрж╝ рж╕рзЗржЗ ржЬрж╛ржпрж╝ржЧрж╛рж░ рж╕рзНржерж╛ржиржЧрзБрж▓рзЛржХрзЗ- ржпрзЗржЦрж╛ржирзЗ ржпрж╛ржУржпрж╝рж╛ ржХржЦржирзЛ рж╕ржорзНржнржм ржиржпрж╝ рж╕рзЗржЗ ржЬрж╛ржпрж╝ржЧрж╛рж░ рж╕рзНржерж╛ржиржЧрзБрж▓рзЛржХрзЗ, vlog ржПрж░ ржЬржирзНржп - ржнрзНрж▓ржЧрзЗрж░ ржорж╛ржзрзНржпржорзЗред"
RqarlS6x-qg,Channel 24,2023-08-15T18:52:20Z,'ржирзЗрждрзНрж░рзАрж░ ржХржерж╛ рж╢рзБржирж▓рзЗ ржПржЦржи рж╣рж╛ржЬрж╛рж░ рж╣рж╛ржЬрж╛рж░ рж╢рзНрж░ржорж┐ржХ рж░рж╛рж╕рзНрждрж╛рзЯ ржирзЗржорзЗ ржпрж╛ржмрзЗ' | Sheikh Sharhan Naser Tonmoy,Politics,ржЖржорж╛рж░ ржЬрзАржмржирзЗ ржПрждрзЛ рж╕рзБржирзНржжрж░ ржмржХрзНрждржмрзНржп ржЖрж░ рж╢рзБржирж┐ржирж┐ред ЁЯШВЁЯШВЁЯШВ,ржЖржорж╛рж░ ржЬрзАржмржирзЗ ржПржд рж╕рзБржирзНржжрж░ ржмржХрзНрждржмрзНржп ржЖрж░ рж╢рзБржирж┐ржирж┐ред,ржПрждрзЛ-ржПрждред
uKdTWf1l1Lg,BVNEWS24,2023-11-09T09:59:06Z,ржЬрж╛рж╣рзЗрж░ ржЖрж▓ржнрзА ржУ ржЗржХрж░рж╛рж░ ржмрж╛рж╕рзНрждржм ржЬрзАржмржирзЗрж░ ржкрзНрж░рзЗржорзЗрж░ ржЧрж▓рзНржк,Entertainment,"ржЖрж▓ржнрзА ржнрж╛ржЗ рж╕рзЗрж░рж╛ ржирж╛ржЯржХ ржнрж┐ржкрж┐ рзз,ржерзЗржХрзЗ рзирзм",ржЖрж▓ржнрзА ржнрж╛ржЗрзЯрзЗрж░ рж╕рзЗрж░рж╛ ржирж╛ржЯржХ ржнрж┐ржкрж┐ рзз ржерзЗржХрзЗ рзирзмред,"ржнрж╛ржЗрзЯрзЗрж░ - ржнрж╛ржЗрзЯрзЗрж░, рзз,ржерзЗржХрзЗ - рзз ржерзЗржХрзЗред"
NJgr7Oc0pJM,Not out Noman,2023-06-28T04:00:13Z,ржмрж┐рж╢рзНржмржХрж╛ржкрзЗрж░ рж╕рзЗржорж┐рждрзЗ ржпрзЗрждрзЗ ржХрзЯржЯрж┐ ржорзНржпрж╛ржЪ ржЬрж┐рждрждрзЗ рж╣ржмрзЗ ржмрж╛ржВрж▓рж╛ржжрзЗрж╢ржХрзЗ? - ржиржЯ ржЖржЙржЯ ржирзЛржорж╛ржи,Sports,ржЗржирж╢рж╛ржЖрж▓рзНрж▓рж╛рж╣ ржмрж╛ржВрж▓рж╛ржжрзЗрж╢ рж▓рзАржЧ ржкрж░рзНржм ржерзЗржХрзЗ ржлрзЗрж░ржд ржЖрж╕ржмрзЗ рждрж╛ржорж┐ржоржХрзЗ ржЫрж╛ржбрж╝рж╛тЭдтЭдтЭд,"ржЗржирж╢рж╛ржЖрж▓рзНрж▓рж╛рж╣, ржмрж╛ржВрж▓рж╛ржжрзЗрж╢ рж▓рзАржЧ ржкрж░рзНржмрзЗ рждрж╛ржорж┐ржоржХрзЗ ржЫрж╛рзЬрж╛ржЗ ржлрзЗрж░ржд ржЖрж╕ржмрзЗред","ржкрж░рзНржм ржерзЗржХрзЗ ржлрзЗрж░ржд ржЖрж╕ржмрзЗ - ржкрж░рзНржмрзЗ ржлрзЗрж░ржд ржЖрж╕ржмрзЗ, ржЫрж╛рзЬрж╛тЭдтЭдтЭд - ржЫрж╛рзЬрж╛ржЗред"
LxBz4m1m2lY,SamZone,2023-06-01T16:16:29Z,HONOR X9A  Review In Bangla ||ржЬрж╛рждрзАржпрж╝ ржХрзНрж░рж╛рж╢!,Miscellaneous,ржнрж╛ржЗржпрж╝рж╛ ржЖржкржирж┐ ржХрж┐ ржПржмрж╛рж░ ржХрзЛрж░ржмрж╛ржирж┐ ржжрж┐ржмржиЁЯШв please ржмрж▓рзЗржи,"ржнрж╛ржЗрзЯрж╛, ржЖржкржирж┐ ржХрж┐ ржПржмрж╛рж░ ржХрзЛрж░ржмрж╛ржирж┐ ржжрж┐ржмрзЗржи? ржжрзЯрж╛ ржХрж░рзЗ ржмрж▓рзБржиред","ржнрж╛ржЗржпрж╝рж╛-ржнрж╛ржЗрзЯрж╛, ржжрж┐ржмржи-ржжрж┐ржмрзЗржи, please-ржжрзЯрж╛ ржХрж░рзЗ, ржмрж▓рзЗржи-ржмрж▓рзБржиред"
jJvoVohT4Kg,Omor On Fire,2023-11-20T12:30:07Z,Tiktok The End | Bangla Funny Video | Omor On Fire | It's Omor |,Entertainment,ржЗрж╣ржХрж╛рж▓рзЗрж░ ржЬржирзНржп ржкрж░ржХрж╛рж▓ ржЫрзЗржбрж╝рзЗ ржжрж┐ржУ ржирж╛ ржмржирзНржзрзБ тЭд,ржЗрж╣ржХрж╛рж▓рзЗрж░ ржЬржирзНржп ржкрж░ржХрж╛рж▓ ржЫрзЗрзЬрзЗ ржжрж┐ржУ ржирж╛ ржмржирзНржзрзБред тЭд,ржЫрзЗрзЬрзЗ-ржЫрзЗрзЬрзЗред
UXyuBZ6bW_o,Desh TV News,2023-02-11T15:18:08Z,ржирж╛рж░рзА ржУ ржЙржарждрж┐ ржмрзЯрж╕рзА ржорзЗрзЯрзЗржжрзЗрж░ ржЯрж╛рж░рзНржЧрзЗржЯ ржХрж░рждрзЛ ржжрж╛рж░рж╛ржЬрзЗрж░ ржбрзЗрж▓рж┐ржнрж╛рж░рж┐ржорзНржпрж╛ржи | DARAZ Delivery Man | Desh TV News,News,ржПрж╕ржм ржЕржкрж░рж╛ржзрзАржжрзЗрж░ ржжрзГрж╖рзНржЯрж╛ржирзНрждржорзВрж▓ржХ рж╢рж╛рж╕рзНрждрж┐рж░ ржжрж╛ржмрж┐,ржПрж╕ржм ржЕржкрж░рж╛ржзрзАржжрзЗрж░ ржжрзГрж╖рзНржЯрж╛ржирзНрждржорзВрж▓ржХ рж╢рж╛рж╕рзНрждрж┐ ржжрж╛ржмрж┐ ржХрж░ржЫрж┐ред,Sentence was incomplete.
VFK65FV3GBs,Binge,2023-05-14T08:42:49Z,ржЧрж░рзБ ржЪрзБ'рж░рж┐ ржХрж░рзЗ рж╕рзЗ ржЧрж░рзБ ржжрж┐ржпрж╝рзЗ ржХрзАржнрж╛ржмрзЗ ржорзЗржЬржмрж╛ржи ржХрж░рзЗ ржжрзЗржЦрзБржи ржорзЗржЗржб ржЗржи ржЪрж┐ржЯрж╛ржЧржВЁЯдгЁЯША,Miscellaneous,рж╕рж╛ржЬрзБ ржЦрж╛ржжрзЗржо ржПржЦржи ржПрж▓рзЗржи рж╕ржкржирзЗрж░ ржУржкрж░ ржирж┐рж░рзНржнрж░ ржХрж░рзЗЁЯШВЁЯШВЁЯШКЁЯШКЁЯШК,рж╕рж╛ржЬрзБ ржЦрж╛ржжрзЗржо ржПржЦржи рж╕рзНржмржкржирзЗрж░ ржУржкрж░ ржирж┐рж░рзНржнрж░ ржХрж░ржЫрзЗржиред,"ржПрж▓рзЗржи - ржирж┐рж░рзНржнрж░ ржХрж░ржЫрзЗржи, рж╕ржкржирзЗрж░ - рж╕рзНржмржкржирзЗрж░ред"
nK4mNiNBEFI,Open T School,2022-10-23T14:21:33Z,ржмрж╛ржВрж▓рж╛ржжрзЗрж╢рзЗрж░ рж╕рж░ржХрж╛рж░ ржкрзНрж░ржзрж╛ржирзЗрж░рж╛ ржпрзЗржнрж╛ржмрзЗ ржХрзНрж╖ржорждрж╛ржпрж╝ ржПрж▓рзЗржи ржУ ржЧрзЗрж▓рзЗржи | Politics of Bangladesh | BD Elections |,Politics,ржмржЩрзНржЧржмржирзНржзрзБ рж╢рзЗржЦ ржорзБржЬрж┐ржмрзБрж░ рж░рж╣ржорж╛ржи ржмрж╛ржЩрж╛рж▓рж┐рж░ ржирж╛рзЯржХ тЭд,ржмржЩрзНржЧржмржирзНржзрзБ рж╢рзЗржЦ ржорзБржЬрж┐ржмрзБрж░ рж░рж╣ржорж╛ржи ржмрж╛ржЩрж╛рж▓рж┐рж░ ржирж╛рзЯржХред,Added a period at the end of the sentence to indicate completion.
LlkPYoxF5j0,Baseera,2021-06-13T05:09:16Z,"ржХрзЗржоржи рж╣ржмрзЗ ржЖржкржирж╛рж░ ржорзГрждрзНржпрзБ? (ржЬрзАржмржи - ржорзГрждрзНржпрзБ - ржЬрзАржмржи, ржкрж░рзНржм рзз - ржорзГрждрзНржпрзБ) [Re-Upload]",Miscellaneous,"ржнрж╛ржЗржпрж╝рж╛, ржЖржкржирж╛рж░ ржЪрзНржпрж╛ржирзЗрж▓ржЯрж╛ ржпрзЗ ржХржд ржЙржкржХрж╛рж░рзА, ржнрж╛рж╖рж╛ржпрж╝ ржкрзНрж░ржХрж╛рж╢ ржХрж░рж╛ ржпрж╛ржмрзЗржирж╛ред ржзржирзНржпржмрж╛ржж, рж╣рзЗ ржжрзАржи ржнрж╛ржЗ ржПржЧрж┐ржпрж╝рзЗ ржпрж╛ржи, ржирж┐рж╢рзНржЪржпрж╝ржЗ  ржЖрж▓рзНрж▓рж╛рж╣ рж╣рж░ рж░рж╣ржоржд ржЖржкржирж╛рж░ рж╕рж╛ржерзЗ ржЖржЫрзЗред","ржнрж╛ржЗрзЯрж╛, ржЖржкржирж╛рж░ ржЪрзНржпрж╛ржирзЗрж▓ржЯрж╛ ржпрзЗ ржХржд ржЙржкржХрж╛рж░рзА, ржнрж╛рж╖рж╛рзЯ ржкрзНрж░ржХрж╛рж╢ ржХрж░рж╛ ржпрж╛ржмрзЗ ржирж╛ред ржзржирзНржпржмрж╛ржжред рж╣рзЗ ржжрзНржмрзАржирзА ржнрж╛ржЗ, ржПржЧрж┐рзЯрзЗ ржпрж╛ржиред ржирж┐рж╢рзНржЪрзЯржЗ ржЖрж▓рзНрж▓рж╛рж╣рзНтАМрж░ рж░рж╣ржоржд ржЖржкржирж╛рж░ рж╕рж╛ржерзЗ ржЖржЫрзЗред","ржнрж╛ржЗржпрж╝рж╛-ржнрж╛ржЗрзЯрж╛, ржнрж╛рж╖рж╛ржпрж╝ ржкрзНрж░ржХрж╛рж╢ ржХрж░рж╛ ржпрж╛ржмрзЗржирж╛-ржнрж╛рж╖рж╛ржпрж╝ ржкрзНрж░ржХрж╛рж╢ ржХрж░рж╛ ржпрж╛ржмрзЗ ржирж╛, рж╣рзЗ ржжрзАржи ржнрж╛ржЗ-рж╣рзЗ ржжрзНржмрзАржирзА ржнрж╛ржЗ, ржирж┐рж╢рзНржЪржпрж╝ржЗ-ржирж┐рж╢рзНржЪрзЯржЗ, рж╣рж░-ржЖрж▓рзНрж▓рж╛рж╣рзНтАМрж░ред"
CSGiwf7KlrQ,KAMRUF Multimedia,2012-12-27T13:47:46Z,"Bangladesh National Anthem , My golden Bengal ржЖржорж╛рж░ рж╕рзЛржирж╛рж░ ржмрж╛ржВрж▓рж╛, Amar Shonar Bangla   -  HD HQ",Entertainment,ржмрж╛ржВрж▓рж╛ржжрзЗрж╢рзЗрж░ ржорждрзЛ ржПржд рж╕рзБржирзНржжрж░ ржЬрж╛рждрзАрзЯ рж╕ржВржЧрзАржд ржХрзЛржирзЛ ржжрзЗрж╢рзЗржЗ ржирзЗржЗ,ржмрж╛ржВрж▓рж╛ржжрзЗрж╢рзЗрж░ ржорждрзЛ ржПржд рж╕рзБржирзНржжрж░ ржЬрж╛рждрзАрзЯ рж╕ржВржЧрзАржд ржХрзЛржирзЛ ржжрзЗрж╢рзЗржЗ ржирзЗржЗред,No changes needed.
zcT200nD-zk,Bangla Animation Golpo,2023-05-30T07:00:07Z,ржкржБржЪрж╛ ржкрзБржХрзБрж░рзЗ ржорж╛ржЫ ржзрж░рж╛ | Bangla Cartoon | Thakurmar Jhuli jemon | AFX Animation,Entertainment,ржнрж╛рж▓рзЛ рж▓рзЗржЧрзЗржЫрзЗ ржХрж┐ржирзНрждрзБ рж╕рзНржмрж╛рж░рзНржержкрж░ ржнрж╛ржЗ ржжрзБржЯрзЛ рж╢рж┐ржХрзНрж╖рж╛ ржкрзЗрж▓рзЗ ржЖрж░рзЛ ржЦрзБрж╢рж┐ рж╣рждрж╛ржоред,"ржнрж╛рж▓рзЛ рж▓рзЗржЧрзЗржЫрзЗ, ржХрж┐ржирзНрждрзБ рж╕рзНржмрж╛рж░рзНржержкрж░ ржнрж╛ржЗ ржжрзБржЯрзЛ рж╢рж┐ржХрзНрж╖рж╛ ржкрзЗрж▓рзЗ ржЖрж░ржУ ржЦрзБрж╢рж┐ рж╣рждрж╛ржоред","[no change]-[,], ржЖрж░рзЛ-ржЖрж░ржУред"
rBrpWoozEHc,Media news Bangla,2021-05-19T15:54:48Z,ржпрзЗ ржХрж╛рж░ржирзЗ ржорж╛рж╢рж░рж╛ржлрж┐рж░ ржПржЗ ржнрж┐ржбрж┐ржУ рж╕рзБржкрж╛рж░ ржнрж╛ржЗрж░рж╛рж▓ | Mashrafe Bin Mortaza,Politics,ржнрзАрж╖ржг ржнрж╛ржмрзЗ ржЖржЬржХрзЗрж░ ржжрж┐ржирзЗ рж╕рждрзНржп ржХржерж╛ред рж╢рзБржзрзБ рж╢рзБржзрзБ ржирзЗрждрж╛ржжрзЗрж░ рж╕рзБржЦрзЗ рж░рж╛ржЦрждрзЗ ржирж┐ржЬрзЗржжрзЗрж░ ржнржмрж┐рж╖рзНржпрждрзН ржкрзНрж░ржЬржирзНржоржХрзЗ ржХрзЗ ржжрзБрж░рзНржжрж╢рж╛ржпрж╝ ржлрзЗрж▓рзЗ ржжрзЗржУржпрж╝рж╛редЁЯЩПЁЯЩП,ржнрзАрж╖ржгржнрж╛ржмрзЗ ржЖржЬржХрзЗрж░ ржжрж┐ржирзЗ рж╕рждрзНржп ржХржерж╛ ржмрж▓рж╛ ржпрж╛рзЯред рж╢рзБржзрзБ ржирзЗрждрж╛ржжрзЗрж░ рж╕рзБржЦрзЗ рж░рж╛ржЦрждрзЗ ржирж┐ржЬрзЗржжрзЗрж░ ржнржмрж┐рж╖рзНржпрзО ржкрзНрж░ржЬржирзНржоржХрзЗ ржХрзЗржи ржжрзБрж░рзНржжрж╢рж╛рзЯ ржлрзЗрж▓рзЗ ржжрзЗржУрзЯрж╛? ЁЯЩПЁЯЩП,"ржнрж╛ржмрзЗ-ржнрж╛ржмрзЗ, рж╢рзБржзрзБ рж╢рзБржзрзБ-рж╢рзБржзрзБ, ржХрзЗ-ржХрзЗржи, ржлрзЗрж▓рзЗ ржжрзЗржУржпрж╝рж╛ред-ржлрзЗрж▓рзЗ ржжрзЗржУрзЯрж╛?; рж╕рждрзНржп ржХржерж╛ред-рж╕рждрзНржп ржХржерж╛ ржмрж▓рж╛ ржпрж╛рзЯред"
7QHR16rEt3E,Laser Vision,2017-12-14T14:34:51Z,"Guerrilla | Bangla Movie |  Joya Ahsan, Ferdous | Nasiruddin Yousuff |",Entertainment,ржХржд ржХрж╖рзНржЯ ржХрж░рзЗ ржжрзЗрж╢ рж╕рзНржмрж╛ржзрзАржи ржХрж░рзЗржЫрзЗ,ржХржд ржХрж╖рзНржЯ ржХрж░рзЗ ржжрзЗрж╢ рж╕рзНржмрж╛ржзрзАржи ржХрж░рж╛ рж╣рзЯрзЗржЫрзЗ/ржХрж░рзЗржЫрзЗржиред,ржХрж░рзЗржЫрзЗ - ржХрж░рж╛ рж╣рзЯрзЗржЫрзЗ/ржХрж░рзЗржЫрзЗржиред
oJg68ijFUVE,ATN News,2024-01-17T17:09:12Z,тАШржирж┐рж░рзНржмрж╛ржЪржирзЗ ржжржЦрж▓ ржУ ржЬрж╛рж▓ ржнрзЛржЯ рж╣рзЯрзЗржЫрзЗ рзлрзз рж╢рждрж╛ржВрж╢ ржХрзЗржирзНржжрзНрж░рзЗтАЩ | Election 2024 | TIB | BD Politics | ATN News,News,ржжрзЗрж╢рзЗрж░ рж╕рзНржмрж╛ржзрзАржирждрж╛ рж░ржХрзНрж╖рж╛ржпрж╝ ржмрж╛ржВрж▓рж╛ржжрзЗрж╢рзЗрж░ рж╕рж╛ржВржмрж╛ржжрж┐ржХржжрзЗрж░ ржпржерж╛ржпрже ржнрзВржорж┐ржХрж╛ ржкрж╛рж▓ржи ржХрж░рждрзЗ рж╣ржмрзЗред,ржжрзЗрж╢рзЗрж░ рж╕рзНржмрж╛ржзрзАржирждрж╛ рж░ржХрзНрж╖рж╛рзЯ ржмрж╛ржВрж▓рж╛ржжрзЗрж╢рзЗрж░ рж╕рж╛ржВржмрж╛ржжрж┐ржХржжрзЗрж░ ржпржерж╛ржпрже ржнрзВржорж┐ржХрж╛ ржкрж╛рж▓ржи ржХрж░рждрзЗ рж╣ржмрзЗред,No changes needed.
gYTFSM2S2QQ,SOMOY TV,2023-09-19T14:35:00Z,ржпрзБржХрзНрждрж░рж╛рж╖рзНржЯрзНрж░рзЗ рждрзЗрж▓рж╛ржкрж┐рзЯрж╛ ржорж╛ржЫ ржЦрзЗрзЯрзЗ рж╣рж╛ржд-ржкрж╛ рж╣рж╛рж░рж╛рж▓рзЗржи ржПржХ ржирж╛рж░рзА! | Tilapia Alert | US woman | USA | Somoy TV,News,ржмрж╛ржЬрж╛рж░рзЗ ржорж╛ржЫ ржХрж┐ржирждрзЗ ржЧрзЗрж▓рзЗ рждрзЗрж▓рж╛ржкрж┐ржпрж╝рж╛ ржЫрж╛ржбрж╝рж╛ ржЕржирзНржп ржХрзЛржи ржорж╛ржЫ ржжрзЗржЦрж┐ржирж╛,ржмрж╛ржЬрж╛рж░рзЗ ржорж╛ржЫ ржХрж┐ржирждрзЗ ржЧрзЗрж▓рзЗ рждрзЗрж▓рж╛ржкрж┐рзЯрж╛ ржЫрж╛рзЬрж╛ ржЕржирзНржп ржХрзЛржирзЛ ржорж╛ржЫ ржжрзЗржЦрж┐ ржирж╛ред,"ржХрзЛржи - ржХрзЛржирзЛ, ржжрзЗржЦрж┐ржирж╛ - ржжрзЗржЦрж┐ ржирж╛ред"
iK0gXMW_zPc,SOMOY TV,2023-10-09T09:45:09Z,ржЗрж╕рж░рж╛ржЗрж▓рзЗрж░ рж╕рж╛рж░рзНржмржнрзМржорждрзНржм рж░ржХрзНрж╖рж╛рж░ рж╣рж╛рждрж┐рзЯрж╛рж░ рж▓рзЗржЬрж╛рж░ ржЙржЗржкржи? ржПржЧрж┐рзЯрзЗ ржХрзЛржи ржжрзЗрж╢? | ржжрзГрж╢рзНржпржкржЯ | Israel-Palestine War,News,рждржерзНржп ржжрж┐рзЯрзЗ ржЧрзЗрж▓рзЗржи ржмрж╛ржВрж▓рж╛ржжрзЗрж╢ рж╕ржмржжрж┐ржХ ржерзЗржХрзЗ ржкрж┐ржЫрж┐рзЯрзЗ,"рждржерзНржп ржжрж┐рзЯрзЗ ржЧрзЗрж▓рзЗржи, ржмрж╛ржВрж▓рж╛ржжрзЗрж╢ рж╕ржм ржжрж┐ржХ ржерзЗржХрзЗ ржкрж┐ржЫрж┐рзЯрзЗред",рж╕ржмржжрж┐ржХ - рж╕ржм ржжрж┐ржХред
cThNvo2Dnno,BBC News ржмрж╛ржВрж▓рж╛,2017-12-22T10:51:08Z,ржпрж╢рзЛрж░рзЗ ржЧрзНрж░рж╛ржоржмрж╛рж╕рзАрж░рж╛ рждрзИрж░рж┐ ржХрж░ржЫрзЗ рж╣рж╛ржЬрж╛рж░ ржлрзБржЯ ржжрзАрж░рзНржШ ржнрж╛рж╕ржорж╛ржи рж╕рзЗрждрзБ| BBC News Bangla,News,ржХрж╛рж░рзЛ ржЙржкрж░ ржирж┐рж░рзНржнрж░ ржирж╛ ржХрж░рзЗ ржПржЗ ржЙржжрзНржпрзЛржЧ ржирзЗржУрзЯрж╛рзЯ ржзржирзНржпржмрж╛ржж,ржХрж╛рж░ржУ ржУржкрж░ ржирж┐рж░рзНржнрж░ ржирж╛ ржХрж░рзЗ ржПржЗ ржЙржжрзНржпрзЛржЧ ржирзЗржУрзЯрж╛рзЯ ржзржирзНржпржмрж╛ржжред,ржЙржкрж░-ржУржкрж░ред
j-N2SXV3SvY,CD Choice Music,2019-08-07T05:57:49Z,Mon Pinjira | ржоржи ржкрж┐ржЮрзНржЬрж┐рж░рж╛ | Rakib Musabbir | Shilpi Biswas | Official Music Video | Bangla Hits Song,Entertainment ,ржПржЗ ржЧрж╛ржиржЯрж╛ ржпрждржЗ рж╢рзБржирж┐ рждрждржЗ ржнрж╛рж▓рзЛ рж▓рж╛ржЧрзЗ,"ржПржЗ ржЧрж╛ржиржЯрж╛ ржпрждржЗ рж╢рзБржирж┐, рждрждржЗ ржнрж╛рж▓рзЛ рж▓рж╛ржЧрзЗред",Added a comma after рж╢рзБржирж┐ to improve readability and reflect natural speech patterns.
Z9UHK8IzsV0,ATN Bangla Clips,2022-06-12T06:00:10Z,рж╣рж╛рзЬ ржХрж┐ржкрзНржЯрж╛ ржмрж╛ржмрж╛рж░ ржоржЬрж╛рж░ ржХрж╛ржирзНржб ржжрзЗржЦрзБржирж╣рж╛рзЬ ржХрж┐ржкржЯрзЗ | AKM Hassan | Chanchal | Shamim Jaman,Entertainment,ржпрждржЗ ржжрзЗржЦрж┐ рждрждрзЛржЗ ржнрж╛рж▓рзЛ рж▓рж╛ржЧрзЗ,ржпрждржЗ ржжрзЗржЦрж┐ рждрждржЗ ржнрж╛рж▓рзЛ рж▓рж╛ржЧрзЗред,No changes needed.
CSGiwf7KlrQ,KAMRUF Multimedia,2012-12-27T13:47:46Z,"Bangladesh National Anthem , My golden Bengal ржЖржорж╛рж░ рж╕рзЛржирж╛рж░ ржмрж╛ржВрж▓рж╛, Amar Shonar Bangla   -  HD HQ",Entertainment,ржЬрж╛рждрзАрзЯ рж╕ржЩрзНржЧрзАржд рж╢рзБржирж▓рзЗ ржХрзЗржирзЛ ржЬрж╛ржирж┐ ржЖржорж╛рж░ ржЪрзЛржЦ ржжрж┐рзЯрзЗ ржЕрж╢рзНрж░рзБ ржЭрж░рзЗ ржкрзЬрзЗред,ржЬрж╛рждрзАрзЯ рж╕ржЩрзНржЧрзАржд рж╢рзБржирж▓рзЗ ржХрзЗржи ржЬрж╛ржирж┐ ржЖржорж╛рж░ ржЪрзЛржЦ ржжрж┐рзЯрзЗ ржЕрж╢рзНрж░рзБ ржЭрж░рзЗ ржкрзЬрзЗред,No changes needed.
Pamq1yBAk1g,Salahuddin Sumon,2023-05-31T15:21:56Z,ржЖржоржХрзЗ ржШрж┐рж░рзЗржЗ ржЖржмрж░рзНрждрж┐ржд рж░рж╛ржЬрж╢рж╛рж╣рзАрж░ ржЪрж╛рж╖рзАржжрзЗрж░ ржЬрзАржмржи-рж╕рзНржмржкрзНржи || Mango Tour Rajshahi Part 02,News,ржорж┐рж╖рзНржЯрж┐ рж╕ржХрж╛рж▓рзЗрж░ ржорж┐рж╖рзНржЯрж┐ ржЖржорзЗрж░ рж╕рзНржмрж╛ржж ржЕрж╕рж╛ржзрж╛рж░ржг ржПржХржЯрж┐ ржнрж┐ржбрж┐ржУ ржлрзБржЯрзЗржЬред,ржорж┐рж╖рзНржЯрж┐ рж╕ржХрж╛рж▓рзЗрж░ ржорж┐рж╖рзНржЯрж┐ ржЖржорзЗрж░ рж╕рзНржмрж╛ржжрзЗрж░ ржЕрж╕рж╛ржзрж╛рж░ржг ржПржХржЯрж┐ ржнрж┐ржбрж┐ржУ ржлрзБржЯрзЗржЬред,рж╕рзНржмрж╛ржж-рж╕рзНржмрж╛ржжрзЗрж░ред
doveDe9YvJc,roni mazumder,2023-04-26T14:22:32Z,рж╕ржирзНржзрзНржпрж╛рзЯ ржЬржоржЬржорж╛ржЯ ржЪрзАржирзЗрж░ ржлрзБржЯржкрж╛рже ржорж╛рж░рзНржХрзЗржЯ редред   CHINA TRAVEL VLOG,Miscellaneous,"ржЕржирзЗржХ рж╕рзБржирзНржжрж░, ржзржирзНржпржмрж╛ржж  ржжрзЗржЦрж╛ржирзЛ ржЬржирзНржпред","ржЕржирзЗржХ рж╕рзБржирзНржжрж░, ржжрзЗржЦрж╛ржирзЛрж░ ржЬржирзНржп ржзржирзНржпржмрж╛ржжред",ржжрзЗржЦрж╛ржирзЛ ржЬржирзНржп ржзржирзНржпржмрж╛ржж - ржжрзЗржЦрж╛ржирзЛрж░ ржЬржирзНржп ржзржирзНржпржмрж╛ржжред
vmFrsGYNLgQ,BBC News ржмрж╛ржВрж▓рж╛,2020-08-15T09:00:13Z,рж╢рзЗржЦ ржорзБржЬрж┐ржм рж╣рждрзНржпрж╛рж░ ржкрж░ ржЬрзЗржирж╛рж░рзЗрж▓ ржЬрж┐ржпрж╝рж╛ ржпрзЗ ржоржирзНрждржмрзНржп ржХрж░рзЗржЫрж┐рж▓рзЗржи,News,ржЖрж╕рж▓ ржЗрждрж┐рж╣рж╛рж╕рзЗ ржУ ржЧрж░ржорж┐рж▓ рждржмрзБржУ ржЖрж▓рзНрж▓рж╛рж╣ ржпрж╛ ржХрж░рзЗржи ржЕржмрж╢рзНржпржЗ ржнрж╛рж▓рзЛрж░ ржЬржирзНржпржЗ ржХрж░рзЗржиред,"ржЖрж╕рж▓ ржЗрждрж┐рж╣рж╛рж╕рзЗ ржЧрж░ржорж┐рж▓ ржерж╛ржХрж▓рзЗржУ, ржЖрж▓рзНрж▓рж╛рж╣ ржпрж╛ ржХрж░рзЗржи ржЕржмрж╢рзНржпржЗ ржнрж╛рж▓рзЛрж░ ржЬржирзНржпржЗ ржХрж░рзЗржиред","ржУ - ржерж╛ржХрж▓рзЗржУ, рждржмрзБржУ-ржмрж╛ржжред"
_uHq_mxpzlY,Fact Tube Bengali,2022-01-01T05:15:01Z,ржХрж┐ржЙржЯ ржмрзЗржмрж┐ржжрзЗрж░ ржХрж╛ржЬржХрж░рзНржо ржжрзЗржЦрж▓рзЗ ржЖржкржирж┐ржУрж╣рж╛рж╕рж┐ ржерж╛ржорж╛рждрзЗржкрж╛рж░ржмрзЗржиржирж╛ЁЯШВ baby video baby video | cute child,Entertainment,рж╢рзЗрж╖рзЗрж░ ржЯрж╛ рж╕ржм ржерзЗржХрзЗ ЁЯШЖЁЯШЖЁЯШЖЁЯШЖЁЯШЬ,рж╢рзЗрж╖рзЗрж░ржЯрж╛/рж╢рзЗрж╖рзЗрж░ ржЯрж┐ рж╕ржмржЪрзЗржпрж╝рзЗ/рж╕ржмржерзЗржХрзЗ ржоржЬрж╛рж░/рж╣рж╛рж╕рзНржпржХрж░ред,"ржЯрж╛-ржЯрж╛/ржЯрж┐, ржерзЗржХрзЗ-ржЪрзЗржпрж╝рзЗ/ржерзЗржХрзЗ, ЁЯШЖЁЯШЖЁЯШЖЁЯШЖЁЯШЬ-ржоржЬрж╛рж░/рж╣рж╛рж╕рзНржпржХрж░ред"
fIXp4CThVkI,ATN News,2024-01-07T18:12:34Z,рззрзйрзж ржмржЫрж░рзЗрж░ ржорзЯржлрзБрж▓ ржЫрзБржЯрзЗ ржПрж╕рзЗржЫрж┐рж▓рзЗржи рж╢рзЗржЦ рж╣рж╛рж╕рж┐ржирж╛ржХрзЗ ржнрзЛржЯ ржжрж┐рждрзЗ | Moyful | BD Election 2024 | ATN News,News,"ржХрзЗржи ржпрзЗржи рждрзЛржорж╛рж░ ржЬржирзНржп ржЕржирзЗржХ ржорж╛ржпрж╝рж╛ рж▓рж╛ржЧрж▓рзЛредржЖрж▓рзНрж▓рж╛рж╣ ржпрзЗржи рждрзЛржорж╛ржХрзЗ ржнрж╛рж▓рзЛ рж░рж╛ржЦрзЗржи, ржПржмржВ ржорзГрждрзНржпрзБрж░ ржкрж░ ржУржкрж╛рж░рзЗржУ ржпрзЗржи ржнрж╛рж▓рзЛ рж░рж╛ржЦрзЗржи ржЖржорж┐ржиред ЁЯТЭ","ржХрзЗржи ржпрзЗржи рждрзЛржорж╛рж░ ржЬржирзНржп ржЕржирзЗржХ ржорж╛ржпрж╝рж╛ рж▓рж╛ржЧрж▓ред ржЖрж▓рзНрж▓рж╛рж╣ ржпрзЗржи рждрзЛржорж╛ржХрзЗ ржнрж╛рж▓рзЛ рж░рж╛ржЦрзЗржи, ржПржмржВ ржорзГрждрзНржпрзБрж░ ржкрж░рзЗржУ ржУржкрж╛рж░рзЗржУ ржпрзЗржи ржнрж╛рж▓рзЛ рж░рж╛ржЦрзЗржиред ржЖржорж┐ржиред","рж▓рж╛ржЧрж▓рзЛ-рж▓рж╛ржЧрж▓, ржкрж░ ржУржкрж╛рж░рзЗржУ- ржкрж░рзЗржУ ржУржкрж╛рж░рзЗржУред"
4wUXS_W-mtE,Mr Luxsu,2022-04-06T08:00:02Z,Barishal ред ржмрж░рж┐рж╢рж╛рж▓ ред Barishal Travel Vlog ред History of Barishal Bangladesh ред Barishal Vromon Guide,Miscellaneous,ржнрж╛ржЗржпрж╝рж╛ ржЖржорж╛ржжрзЗрж░ ржмрж░рж┐рж╢рж╛рж▓ ржХрзЗ ржПржнрж╛ржмрзЗ ржЪрзЗржирж╛ржирзЛрж░ ржЬржирзНржп ржзржирзНржпржмрж╛ржж,"ржнрж╛ржЗрзЯрж╛, ржЖржорж╛ржжрзЗрж░ ржмрж░рж┐рж╢рж╛рж▓ржХрзЗ ржПржнрж╛ржмрзЗ ржЪрзЗржирж╛ржирзЛрж░ ржЬржирзНржп ржзржирзНржпржмрж╛ржжред","ржнрж╛ржЗржпрж╝рж╛-ржнрж╛ржЗрзЯрж╛, ржХрзЗ -ржХрзЗред"
vq_axRAsyto,UKM Official,2023-06-26T00:30:17Z,ржкрзГржерж┐ржмрзАрж░ рж╕рзЗрж░рж╛ ржЧрж╛ржи 100% ржнрж╛рж▓рзЛ рж▓рж╛ржЧржмрзЗ || Udas dupur bela sokhi || Uttam Kumar Mondal || UKM Official,Entertainment,ржкрзНрж░рж┐ржпрж╝ рж╕ржм рж╕ржоржпрж╝ рждрзЛржорж╛рж░ ржжрзЗржЦрждрзЗ ржоржи ржЪрж╛ржЗ I Miss You,"ржкрзНрж░рж┐рзЯ, рж╕ржм рж╕ржорзЯ рждрзЛржорж╛ржХрзЗ ржжрзЗржЦрждрзЗ ржоржи ржЪрж╛рзЯред ржЖржЗ ржорж┐рж╕ ржЗржЙред","рж╕ржм рж╕ржоржпрж╝ - рж╕ржм рж╕ржорзЯ, рждрзЛржорж╛рж░ - рждрзЛржорж╛ржХрзЗ, ржЪрж╛ржЗ - ржЪрж╛рзЯ, I - ржЖржЗ."
lN4vbH9FGKY,Anupam Movie Songs,2021-02-23T14:00:49Z,Porena Chokher Polok | ржкрзЬрзЗржирж╛ ржЪрзЛржЦрзЗрж░ ржкрж▓ржХ | Riaz & Ravina |  Andrew | Praner Cheye Priyo | Anupam,Entertainment ,ржЫрзЛржЯржмрзЗрж▓рж╛ржпрж╝ ржЧрж╛ржиржЯрж╛ ржЕржирзЗржХ рж╢рзБржирждрж╛ржо ржЖрж░ ржЖржорж┐ ржЖрж░ ржЖржорж╛рж░ ржнрж╛ржЗ ржорж┐рж▓рзЗ ржЧрж╛ржиржЯрж╛ ржЧрж╛ржЗрждрж╛ржо рждржЦржи ржЧрж╛ржиржЯрж╛рж░ ржорж╛ржирзЗ ржмрзБржЭрждрж╛ржо ржирж╛ ржарж┐ржХржЗ ржХрж┐ржирзНрждрзБ ржХрж┐ ржпрзЗржи ржПржХржЯрж╛ ржЕржирзБржнрзВрждрж┐ ржЫрж┐рж▓ ржПржЗ ржЧрж╛ржиржЯрж╛рж░ ржоржзрзНржпрзЗ рж╕рзЗржЗ ржЫрзЛржЯржмрзЗрж▓рж╛рж░ ржХржерж╛ ржоржирзЗ ржкржбрж╝рзЗ ржЧрзЗрж▓ ЁЯШМ,"ржЫрзЛржЯржмрзЗрж▓рж╛рзЯ ржЧрж╛ржиржЯрж╛ ржЕржирзЗржХ рж╢рзБржирждрж╛ржо, ржЖрж░ ржЖржорж┐ ржУ ржЖржорж╛рж░ ржнрж╛ржЗ ржорж┐рж▓рзЗ ржЧрж╛ржиржЯрж╛ ржЧрж╛ржЗрждрж╛ржоред рждржЦржи ржЧрж╛ржиржЯрж╛рж░ ржорж╛ржирзЗ ржмрзБржЭрждрж╛ржо ржирж╛ ржарж┐ржХржЗ, ржХрж┐ржирзНрждрзБ ржХрзА ржпрзЗржи ржПржХржЯрж╛ ржЕржирзБржнрзВрждрж┐ ржЫрж┐рж▓ ржПржЗ ржЧрж╛ржиржЯрж╛рж░ ржоржзрзНржпрзЗред рж╕рзЗржЗ ржЫрзЛржЯржмрзЗрж▓рж╛рж░ ржХржерж╛ ржоржирзЗ ржкрзЬрзЗ ржЧрзЗрж▓ред ЁЯШМ","ржЫрзЛржЯржмрзЗрж▓рж╛ржпрж╝-ржЫрзЛржЯржмрзЗрж▓рж╛рзЯ, ржЖрж░ ржЖржорж┐ ржЖрж░-ржЖрж░ ржЖржорж┐ ржУ, ржХрж┐-ржХрзА, ржкржбрж╝рзЗ-ржкрзЬрзЗред"
xNp60a-vb7c,SOMOY TV,2022-10-26T15:10:00Z,ржХрзЛржи ржмрж┐ржЬрзНржЮрж╛ржирзА ржпрж╛рж░ рж╕рждрзНржпржХрзЗ ржЖржЬржУ ржЙржжржШрж╛ржЯржи ржХрж░рждрзЗ ржкрж╛рж░рзЗржирж┐ | Mount Kailash | Mystery | Somoy Entertainment,News,рж╣рзЗ ржкрзНрж░ржнрзБ !рж╕рзГрж╖рзНржЯрж┐рж░ рж░рж╣рж╕рзНржп ржЙржжржШрж╛ржЯржи ржХрж░рждрзЗ  ржкрж╛рж░ржмрзЗ ржирж╛ ржХрзЗржЙ !ржпрждржЯрзБржХрзБ  рждрзЛржорж╛рж░ ржЗржЪрзНржЫрж╛ рждрж╛рж░ ржмрж╛рж╣рж┐рж░рзЗредрж╣рзЗ ржкрзНрж░ржнрзБ ржЖржорж╛ржжрзЗрж░ ржХрзЗ ржЙржкржХрж╛рж░рзА ржЬрзНржЮрж╛ржи ржжрж╛ржи ржХрж░рзБржи редржЖржорж┐ржи!,"рж╣рзЗ ржкрзНрж░ржнрзБ! рж╕рзГрж╖рзНржЯрж┐рж░ рж░рж╣рж╕рзНржп ржЙржжржШрж╛ржЯржи ржХрж░рждрзЗ ржкрж╛рж░ржмрзЗ ржирж╛ ржХрзЗржЙ, ржпрждржЯрзБржХрзБ рждрзЛржорж╛рж░ ржЗржЪрзНржЫрж╛ рждрж╛рж░ ржмрж╛рж╣рж┐рж░рзЗред рж╣рзЗ ржкрзНрж░ржнрзБ, ржЖржорж╛ржжрзЗрж░ ржЙржкржХрж╛рж░рзА ржЬрзНржЮрж╛ржи ржжрж╛ржи ржХрж░рзБржиред ржЖржорж┐ржи!",",-ред/ ржХрж┐ржЫрзБ ржирзЗржЗ - ржХржорж╛ (,)/ржжрж╛ржБрзЬрж┐(ред) ; ржХрзЗ - ржЖржорж╛ржжрзЗрж░ред"
IcozyP87sEA,G Series Bangla Natok,2023-07-18T13:04:31Z,Notun Bou | ржирждрзБржи ржмржЙ | Natok | Apurba | Sabila Nur | Rubel Hasan | New Natok 2023,Entertainment,"ржмрж╛ржВрж▓рж╛ржжрзЗрж╢ ржерзЗржХрзЗ ржпрзЗ ржирж╛ржЯржХ ржЧрзБрж▓рзЛ ржжрзЗржЦрждрзЗ ржкрж╛ржЪрзНржЫрж┐, рж╕рждрзНржпрж┐ржЗ ржЕрж╕рж╛ржзрж╛рж░ржг рж▓рзЗржЧрзЗржЫрзЗ ржПржЗ ржирж╛ржЯржХ ржжрзЗржЦрж╛рж░ ржкрж░ рж╕рждрзНржпрж┐ржЗ ржЕржирзНржп ржХрж┐ржЫрзБржЗ ржЖрж░ ржжрзЗржЦрж╛рж░ ржоржи ржерж╛ржХрзЗ ржирж╛ред ржзржирзНржпржмрж╛ржж ржЬрж╛ржирж╛ржЗ ржПржЗ рж░ржХржо ржирж╛ржЯржХ ржЧрзБрж▓рзЛ ржжрзЗржЦрждрзЗ ржЪрж╛ржЗред рж╢рзБржнрзЗржЪрзНржЫрж╛ рж░ржЗрж▓рзЛред","ржмрж╛ржВрж▓рж╛ржжрзЗрж╢ ржерзЗржХрзЗ ржпрзЗ ржирж╛ржЯржХржЧрзБрж▓рзЛ ржжрзЗржЦрждрзЗ ржкрж╛ржЪрзНржЫрж┐, рж╕рждрзНржпрж┐ржЗ ржЕрж╕рж╛ржзрж╛рж░ржг рж▓рзЗржЧрзЗржЫрзЗред ржПржЗ ржирж╛ржЯржХ ржжрзЗржЦрж╛рж░ ржкрж░ рж╕рждрзНржпрж┐ржЗ ржЕржирзНржп ржХрж┐ржЫрзБ ржЖрж░ ржжрзЗржЦрждрзЗ ржоржи ржЪрж╛рзЯ ржирж╛ред ржПржЗ рж░ржХржо ржирж╛ржЯржХржЧрзБрж▓рзЛ ржжрзЗржЦрждрзЗ ржЪрж╛ржЗред ржзржирзНржпржмрж╛ржжред рж╢рзБржнрзЗржЪрзНржЫрж╛ рж░ржЗрж▓ред","ржЧрзБрж▓рзЛ-ржЧрзБрж▓рзЛ, ржХрж┐ржЫрзБржЗ ржЖрж░ ржжрзЗржЦрж╛рж░ ржоржи ржерж╛ржХрзЗ ржирж╛-ржХрж┐ржЫрзБ ржЖрж░ ржжрзЗржЦрждрзЗ ржоржи ржЪрж╛рзЯ ржирж╛, ржПржЗ рж░ржХржо-ржП рж░ржХржо, ржЧрзБрж▓рзЛ-ржЧрзБрж▓рзЛ, рж░ржЗрж▓рзЛ-рж░ржЗрж▓ред"
wOr8GVI-1OU,Elias Hossain,2022-01-30T10:02:28Z,"рж╕рждрзНржпржХрзЗ ржврзЗржХрзЗ ржорж┐ржерзНржпрж╛ рж╢рзЗржЦрж╛ржирзЛ рж╣ржЪрзНржЫрзЗ ржЖржорж╛ржжрзЗрж░, рж╕рждрзНржп ржЬрж╛ржирзБржи || ржЗрждрж┐рж╣рж╛рж╕рзЗрж░ ржЖрж╕рж▓ рж░рзБржк|| Behind The History || vol-1",Miscellaneous,рж╕рждрзНржпрж┐ржХрж╛рж░рзЗрж░ ржЗрждрж┐рж╣рж╛рж╕ ржерзЗржХрзЗ ржорж╛ржирзБрж╖ ржПржЦржи ржЕржирзЗржХ ржжрзВрж░редржЖржЬ ржЕржирзЗржХ рждржерзНржпржЗ ржЬрж╛ржирж▓рж╛ржоред ржзржирзНржпржмрж╛ржжред,рж╕рждрзНржпрж┐ржХрж╛рж░рзЗрж░ ржЗрждрж┐рж╣рж╛рж╕ ржерзЗржХрзЗ ржорж╛ржирзБрж╖ ржПржЦржи ржЕржирзЗржХ ржжрзВрж░рзЗред ржЖржЬ ржЕржирзЗржХ рждржерзНржпржЗ ржЬрж╛ржирж▓рж╛ржоред ржзржирзНржпржмрж╛ржжред,ржжрзВрж░-ржжрзВрж░рзЗред
bKs3AV8rwlg,Anupam Movie Songs,2018-10-11T05:00:01Z,Nil Akasher Niche | ржирзАрж▓ ржЖржХрж╛рж╢рзЗрж░ ржирзАржЪрзЗ | Razzak | Khandokar Faruk Ahmed | Nil Akasher Niche,Entertainment,рззрзпрзмрзп рж╕рж╛рж▓рзЗ ржирж╛рзЯржХ рж░рж╛ржЬ рж░рж╛ржЬрзНржЬрж╛ржХрзЗрж░ ржкрзНржпрж╛ржирзНржЯрзЗрж░ ржбрж┐ржЬрж╛ржЗржи ржмрж░рзНрждржорж╛ржиржХрзЗржУ рж╣рж╛рж░ ржорж╛ржирж╛рзЯред ржХрж┐ рж╕рзБржжрж░рзНрж╢ржи! ржЖржзрзБржирж┐ржХ ржХрзНржпрж╛ржорзЗрж░рж╛ ржерж╛ржХрж▓рзЗ ржЖрж░ржУ рж╕рзБржирзНржжрж░ рж▓рж╛ржЧрждрзЛред ржЧрж╛ржиржЯрж┐ ржПржЦржирзЛ ржирждрзБржиред,рззрзпрзмрзп рж╕рж╛рж▓рзЗ ржирж╛рзЯржХ рж░рж╛ржЬ рж░рж╛ржЬрзНржЬрж╛ржХрзЗрж░ ржкрзНржпрж╛ржирзНржЯрзЗрж░ ржбрж┐ржЬрж╛ржЗржи ржмрж░рзНрждржорж╛ржиржХрзЗржУ рж╣рж╛рж░ ржорж╛ржирж╛рзЯред ржХрзА рж╕рзБржжрж░рзНрж╢ржи! ржЖржзрзБржирж┐ржХ ржХрзНржпрж╛ржорзЗрж░рж╛ ржерж╛ржХрж▓рзЗ ржЖрж░ржУ рж╕рзБржирзНржжрж░ рж▓рж╛ржЧрждред ржЧрж╛ржиржЯрж┐ ржПржЦржирзЛ ржирждрзБржиред,"ржХрж┐ - ржХрзА, рж▓рж╛ржЧрждрзЛ - рж▓рж╛ржЧрждред"
k8TuVlFNUqA,SOMOY TV,2024-01-14T04:50:00Z,рж╢рж┐ржХрзНрж╖ржХ ржирж┐рзЯрзЛржЧ ржУ ржПржоржкрж┐ржУ ржирж┐рзЯрзЗ ржирждрзБржи ржкрж░рж┐ржХрж▓рзНржкржирж╛ рж╢рж┐ржХрзНрж╖рж╛ржоржирзНрждрзНрж░рзАрж░ | New Education Minister | Mohibul Hasan,News,ржирж╛ржорзНржмрж╛рж░ ржкржжрзНржзрждрж┐рждрзЗ ржлрж┐рж░рзЗ ржпрж╛ржУрзЯрж╛рж░ ржЬржирзНржп ржирждрзБржи ржоржирзНрждрзНрж░рзАрж░ ржирж┐ржХржЯ ржЖрж╢рж╛ рж░рж╣рж┐рж▓ред рж╕рж╛ржерзЗ рж╕рж╛ржерзЗ рж╢рж┐ржХрзНрж╖рж╛ ржмрзНржпржмрж╕рзНржерж╛рж░ ржЙржирзНржирждрж┐ ржЪрж╛ржЗред,ржирж╛ржорзНржмрж╛рж░ ржкржжрзНржзрждрж┐рждрзЗ ржлрж┐рж░рзЗ ржпрж╛ржУрзЯрж╛рж░ ржЬржирзНржп ржирждрзБржи ржоржирзНрждрзНрж░рзАрж░ ржирж┐ржХржЯ ржЖрж╢рж╛ рж░ржЗрж▓ред ржПржХржЗ рж╕рж╛ржерзЗ рж╢рж┐ржХрзНрж╖рж╛ ржмрзНржпржмрж╕рзНржерж╛рж░ ржЙржирзНржирждрж┐ ржЪрж╛ржЗред,"рж░рж╣рж┐рж▓ - рж░ржЗрж▓, рж╕рж╛ржерзЗ рж╕рж╛ржерзЗ - ржПржХржЗ рж╕рж╛ржерзЗред"
phwbUWLFbcE,Banglavision DRAMA,2022-07-21T11:00:09Z,Takar Khela | Eid Natok | Mosharraf Karim | Sallha Khanam Nadia | Mohon Ahmed | Bangla Natok 2022,Entertainment,ржпрзЗржХрзЛржирзЛ ржЪрж░рж┐рждрзНрж░рзЗ ржЕржнрж┐ржирзЯ ржХрж░рж╛рж░ ржЖрж░рзЗржХ ржирж╛ржо ржорзЛрж╢рж╛рж░ржл ржХрж░рж┐ржо ржнрж╛ржЗ ЁЯШН,ржпрзЗржХрзЛржирзЛ ржЪрж░рж┐рждрзНрж░рзЗ ржЕржнрж┐ржирзЯ ржХрж░рж╛рж░ ржЖрж░рзЗржХ ржирж╛ржо ржорзЛрж╢рж╛рж░рж░ржл ржХрж░рж┐ржо ржнрж╛ржЗред ЁЯШН,ржорзЛрж╢рж╛рж░ржл-ржорзЛрж╢рж╛рж░рж░ржлред
rVq0fr3XpME,ADYOPANTO,2021-04-05T04:00:12Z,ржжрзНржмрж┐рждрзАржпрж╝ ржмрж┐рж╢рзНржмржпрзБржжрзНржз | ржЗрждрж┐рж╣рж╛рж╕рзЗрж░ ржнрзЯрж╛ржмрж╣рждржо ржЕржзрзНржпрж╛рзЯ | ржЖржжрзНржпрзЛржкрж╛ржирзНржд | World War II | Adyopanto,Miscellaneous,ржЕрж╕рж╛ржзрж╛рж░ржг ржнрж╛ржмрзЗ рждрзБрж▓рзЗ ржзрж░рзЗржЫрзЗржи ржнрж╛ржЗ тЭд,ржЕрж╕рж╛ржзрж╛рж░ржгржнрж╛ржмрзЗ рждрзБрж▓рзЗ ржзрж░рзЗржЫрзЗржи ржнрж╛ржЗред тЭд,ржЕрж╕рж╛ржзрж╛рж░ржг ржнрж╛ржмрзЗ-ржЕрж╕рж╛ржзрж╛рж░ржгржнрж╛ржмрзЗред
bbaF6v9WA7M,ATN News,2023-01-01T15:16:59Z,"ржзрж░рзНрж╖ржг ржирж╛ ржХрж░рзЗржУ, ржзрж░рзНрж╖ржгржХрж╛рж░рзА ржпрж╛рж░рж╛! | Crime Investigation News | Crime News BD | BD Crime | ATN News",News,"ржпрзЗржЯрж╛ ржХрж░рж╛рж░ ржХржерж╛ ржкрзНрж░рж╢рж╛рж╕ржи,, ржЖрж░ рж╕рзЗржЯрж╛ржЗ ржХрж░рж╛ рж╕рж╛ржВржмрж╛ржжрж┐ржХ рждрж╛ржжрзЗрж░ржХрзЗ рж╕рж╛рж▓рж╛ржо,,,","ржпрзЗржЯрж╛ ржХрж░рж╛рж░ ржХржерж╛ ржкрзНрж░рж╢рж╛рж╕ржирзЗрж░, ржЖрж░ рж╕рзЗржЯрж╛ржЗ ржХрж░ржЫрзЗржи рж╕рж╛ржВржмрж╛ржжрж┐ржХрж░рж╛ред рждрж╛ржБржжрзЗрж░ржХрзЗ рж╕рж╛рж▓рж╛ржоред","ржкрзНрж░рж╢рж╛рж╕ржи,, - ржкрзНрж░рж╢рж╛рж╕ржирзЗрж░, рж╕рзЗржЯрж╛ржЗ ржХрж░рж╛ - рж╕рзЗржЯрж╛ржЗ ржХрж░ржЫрзЗржи, рж╕рж╛ржВржмрж╛ржжрж┐ржХ рждрж╛ржжрзЗрж░ржХрзЗ - рж╕рж╛ржВржмрж╛ржжрж┐ржХрж░рж╛ред рждрж╛ржБржжрзЗрж░ржХрзЗред"
jTK2MX2t10g,Rtv News,2023-08-04T11:15:59Z,ржЕржжрзНржнрзБржд ржкрзЗрж╛рж╢рж╛ржХрзЗ ржирзЗржЯ ржжрзБржирж┐рзЯрж╛рзЯ рж╣ржЗржЪржЗ ржирзАрж▓ рж░рж╛ржирж╛ржЙрждрзЗрж░ | Famous Fashion Show | Neel Ranaut | Rtv News,Miscellanous,"ржПржЗ ржЫрзЗрж▓рзЗржХрзЗ ржжрзЗржЦрж▓рзЗржЗ ржЖржорж╛рж░ рж╢рж░рзАрж░ ржЬрзНржмрж▓рзЗ,,,",ржПржЗ ржЫрзЗрж▓рзЗржХрзЗ ржжрзЗржЦрж▓рзЗржЗ ржЖржорж╛рж░ рж╢рж░рзАрж░ ржЬрзНржмрж▓рзЗред,"ржЕрждрж┐рж░рж┐ржХрзНржд ржХржорж╛ (,) ржЧрзБрж▓рзЛ ржмрж╛ржж ржжрзЗржУрзЯрж╛ рж╣рзЯрзЗржЫрзЗ - ,, - ред"
62d6PfZxky0,Bangla Bhuter Golpo,2023-01-16T13:00:48Z,Bhuter Cartoon - Railway Station at 2am Night (True Story) Train Horror Story | Bangla Bhuter Golpo,Entertainment ,ржЖржорж╛рж░ рж╕рж╛ржерзЗ ржШржЯрзЗ ржпрж╛ржУрзЯрж╛ ржПржХржЯрж┐ ржнрзБрждрзБрзЬрзЗ рж╕рждрзНржпрж┐ ржШржЯржирж╛  ржЖрж╕ржЫрзЗ ЁЯШЦЁЯШЦЁЯШЦ,ржЖржорж╛рж░ рж╕рж╛ржерзЗ ржШржЯрзЗ ржпрж╛ржУрзЯрж╛ ржПржХржЯрж┐ ржнрзБрждрзБрзЬрзЗ рж╕рждрзНржпрж┐ ржШржЯржирж╛ ржЖрж╕ржЫрзЗред,Removed unnecessary emojis.
s_r25o0F1Hk,Ekattor TV,2023-06-08T08:00:19Z,ржбрж▓рж╛рж░ржХрзЗ ржмрж╛ржж ржжрзЗрзЯрж╛рж░ ржЬржирзНржп ржХрж┐ ржХрж┐ ржЪрзЗрж╖рзНржЯрж╛ ржХрж░рзЗ ржпрж╛ржЪрзНржЫрзЗ ржмрзНрж░рж┐ржХрж╕ ржЬрзЛржЯ ? | Dollar | News | Ekattor TV,News,"ржПржЯрж╛ ржПржХржЯрж╛ ржнрж╛рж▓рзЛ ржЙржжрзНржпрзЛржЧ ржмрж┐ржХрзНрж╕рзЗрж░, ржпрж╛ ржПржЗ ржорзБрж╣рзВрж░рзНрждрзЗ ржжрж░ржХрж╛рж░ред","ржПржЯрж╛ ржПржХржЯрж╛ ржнрж╛рж▓рзЛ ржЙржжрзНржпрзЛржЧ, ржпрж╛ ржПржЗ ржорзБрж╣рзВрж░рзНрждрзЗ ржжрж░ржХрж╛рж░ред","ржмрж┐ржХрзНрж╕рзЗрж░-ржмрж╛ржж ржжрзЗржУрзЯрж╛ рж╣рзЯрзЗржЫрзЗ, ржХрж╛рж░ржг ржмрж╛ржХрзНржпржЯрж┐рждрзЗ ржПрж░ ржХрзЛржирзЛ ржкрзНрж░рж╛рж╕ржЩрзНржЧрж┐ржХрждрж╛ ржирзЗржЗред"
UXyuBZ6bW_o,Desh TV News,2023-02-11T15:18:08Z,ржирж╛рж░рзА ржУ ржЙржарждрж┐ ржмрзЯрж╕рзА ржорзЗрзЯрзЗржжрзЗрж░ ржЯрж╛рж░рзНржЧрзЗржЯ ржХрж░рждрзЛ ржжрж╛рж░рж╛ржЬрзЗрж░ ржбрзЗрж▓рж┐ржнрж╛рж░рж┐ржорзНржпрж╛ржи | DARAZ Delivery Man | Desh TV News,News,ржПржоржи pic рж░рж╛ржЦржмрзЗ ржХрзЗржирзЛ ржпрзЗ ржирж┐ржЬрзЗржЗ ржЖрж░ ржПржХ ржЬржи ржПрж░ ржХрж╛ржЫрзЗ ржЦрж╛рж░рж╛ржк ржнрж╛ржмрзЗ ржзрж░рж╛ред ржЗржпрж╝рж╛ ржЖрж▓рзНрж▓рж╛рж╣ ржЖржорж╛ржжрзЗрж░ рж╕ржмрж╛ржЗржХрзЗ рждрзЛржорж╛рж░ ржПржмрж╛ржжрж╛ржд ржХрж░рж╛рж░ рждрзМржлрж┐ржХ ржжрж╛ржи ржХрж░рзБржи ржЖржорж┐ржи,"ржПржоржи ржЫржмрж┐ рж░рж╛ржЦржмрзЗ ржХрзЗржи, ржпрж╛рждрзЗ ржирж┐ржЬрзЗржЗ ржЕржирзНржпрзЗрж░ ржХрж╛ржЫрзЗ ржЦрж╛рж░рж╛ржкржнрж╛ржмрзЗ ржзрж░рж╛ ржкрзЬрзЛ/ржкрзЬрзЗ ржпрж╛ржУред ржЗрзЯрж╛ ржЖрж▓рзНрж▓рж╛рж╣, ржЖржорж╛ржжрзЗрж░ рж╕ржмрж╛ржЗржХрзЗ рждрзЛржорж╛рж░ ржЗржмрж╛ржжржд ржХрж░рж╛рж░ рждрзМржлрж┐ржХ ржжрж╛ржи ржХрж░рзБржиред ржЖржорж┐ржиред","ржХрзЗржирзЛ-ржХрзЗржи, ржпрзЗ-ржпрж╛рждрзЗ, ржЬржи ржПрж░-ржЕржирзНржпрзЗрж░, ржзрж░рж╛-ржзрж░рж╛ ржкрзЬрзЛ/ржкрзЬрзЗ ржпрж╛ржУ, ржЗржпрж╝рж╛-ржЗрзЯрж╛, ржПржмрж╛ржжрж╛ржд-ржЗржмрж╛ржжрждред"
lN4vbH9FGKY,Anupam Movie Songs,2021-02-23T14:00:49Z,Porena Chokher Polok | ржкрзЬрзЗржирж╛ ржЪрзЛржЦрзЗрж░ ржкрж▓ржХ | Riaz & Ravina |  Andrew | Praner Cheye Priyo | Anupam,Entertainment ,"ржПрж╕ржм ржЧрж╛ржи ржорж░рзЗ ржирж╛ред ржмрж░ржВ рждрж╛рж░рзБржгрзНржпрж╕рзНржорзГрждрж┐ рж╣рзЯрзЗ рж╣рзГржжрзЯрзЗ ржжрзЛрж▓рж╛ ржжрзЗрзЯред ржЖрж╣рзН, ржЖржмрж╛рж░ ржпржжрж┐ ржлрж┐рж░рзЗ ржкрзЗрждрж╛ржо ржлрзЗрж▓рзЗ ржЖрж╕рж╛ ржжрж┐ржиржЧрзБрж▓рзЗрж╛! рж╕рзЗржЗ рзп ржЯрж╛ржХрж╛рж░ рж╕рж┐ржирзЗржорж╛ ржЯрж┐ржХрзЗржЯ!!","ржПрж╕ржм ржЧрж╛ржи ржорж░рзЗ ржирж╛, ржмрж░ржВ рждрж╛рж░рзБржгрзНржпрж╕рзНржорзГрждрж┐ рж╣рзЯрзЗ рж╣рзГржжрзЯрзЗ ржжрзЛрж▓рж╛ ржжрзЗрзЯред ржЖрж╣рж╛, ржЖржмрж╛рж░ ржпржжрж┐ ржлрж┐рж░рзЗ ржкрзЗрждрж╛ржо ржлрзЗрж▓рзЗ ржЖрж╕рж╛ ржжрж┐ржиржЧрзБрж▓рзЛ! рж╕рзЗржЗ рзп ржЯрж╛ржХрж╛рж░ рж╕рж┐ржирзЗржорж╛рж░ ржЯрж┐ржХрзЗржЯ!!","рждрж╛рж░рзБржгрзНржпрж╕рзНржорзГрждрж┐-рждрж╛рж░рзБржгрзНржпрзЗрж░ рж╕рзНржорзГрждрж┐, ржжрж┐ржиржЧрзБрж▓рзЗрж╛-ржжрж┐ржиржЧрзБрж▓рзЛ, рж╕рж┐ржирзЗржорж╛ - рж╕рж┐ржирзЗржорж╛рж░, ржЯрж┐ржХрзЗржЯ!!-ржЯрж┐ржХрзЗржЯ!!"
wKopnRLydJY,Rtv News,2023-02-17T05:57:16Z,рж░рж╛рждрзНрж░рж┐рж░ ржмрж┐рзЯрзЗрж░ ржЖрж╕рж░рзЗ рж╣рж╛ржЬрж┐рж░ рзйрзж ржЬржи ржмрж░! ржорж╛ржерж╛ ржШрзБрж░рзЗ ржЧрзЗрж▓рзЛ ржХржирзЗ ржкржХрзНрж╖рзЗрж░ | Wedding |  Old Dhaka | Rtv News,News,ржХрж┐ ржмрж▓ржмрзЛред ржЖрж▓рзНрж▓рж╛рж╣рж░ ржЧржЬржм ржП ржжрзЗрж╢ржЯрж╛ ржжрж┐ржи ржжрж┐ржи ржЕрждрж▓рзЗ рж╣рж╛рж░рж┐рзЯрзЗ ржпрж╛ржЪрзНржЫрзЗред,ржХрзА ржмрж▓ржмред ржЖрж▓рзНрж▓рж╛рж╣рж░ ржЧржЬржмрзЗ ржжрзЗрж╢ржЯрж╛ ржжрж┐ржи ржжрж┐ржи ржЕрждрж▓рзЗ рж╣рж╛рж░рж┐рзЯрзЗ ржпрж╛ржЪрзНржЫрзЗред,"ржХрж┐-ржХрзА, ржП-ржПред"
98eqAVTN_fI,the vaskor,2021-02-23T09:16:16Z,ржмрж╛ржВрж▓рж╛ ржнрж╛рж╖рж╛ ржУ рж╕ржВрж╕рзНржХрзГрждрж┐ ржХрж┐ ржмрж┐ржкржирзНржи |  Chandril Bhattacharya Latest Speech | The Vaskor,Miscellaneous,ржЪржорзОржХрж╛рж░ред рж╕ржВржХржЯрзЗрж░ рж▓ржХрзНрж╖ржг рж╕рзБржирзНржжрж░ржнрж╛ржмрзЗ ржжрзЗржЦрж╛ржирзЛ рж╣ржпрж╝рзЗржЫрзЗред,ржЪржорзОржХрж╛рж░! рж╕ржВржХржЯрзЗрж░ рж▓ржХрзНрж╖ржг рж╕рзБржирзНржжрж░ржнрж╛ржмрзЗ ржжрзЗржЦрж╛ржирзЛ рж╣рзЯрзЗржЫрзЗред,"ржЪржорзОржХрж╛рж░ред-ржЪржорзОржХрж╛рж░!, рж╣рзЯрзЗржЫрзЗ-рж╣рзЯрзЗржЫрзЗред"
h9Di4h7BbwY,Laugh & Cough,2023-02-15T16:20:46Z,"""ржнрж┐рждрж░рзЗ ржХрж╛рж▓рзЛ рж░ржЩрзЗрж░ ржХрж┐ ржжрзЗржЦрж╛ ржпрж╛рзЯ"""" ржмрзБрзЬрж╛ржЯрж╛ ржШрзБржорж┐рзЯрзЗ ржпрж╛ржЪрзНржЫрзЗ""ЁЯдг рждржирж┐рж░ ржХржарж┐ржи ржЬржмрж╛ржм Sanvee's by Tony",Entertainment,"ржоржиржЯрж╛ ржЕржирзЗржХ ржЦрж╛рж░рж╛ржк ржЫрж┐рж▓рзЛ,ржЖржкржирж╛рж░ ржХржерж╛ рж╢рзБржирзЗ ржПржЦржи рж╣рж╛рж╕рждрзЗ рж╣рж╛рж╕рждрзЗ ржкрзЗржЯрзЗ ржмрзНржпржерж╛","ржоржиржЯрж╛ ржЕржирзЗржХ ржЦрж╛рж░рж╛ржк ржЫрж┐рж▓, ржЖржкржирж╛рж░ ржХржерж╛ рж╢рзБржирзЗ ржПржЦржи рж╣рж╛рж╕рждрзЗ рж╣рж╛рж╕рждрзЗ ржкрзЗржЯрзЗ ржмрзНржпржерж╛ред",ржЫрж┐рж▓рзЛ-ржЫрж┐рж▓ред
IiLK4PgGc5k,ржЕржнрж┐ржХрж░рзНрж╖,2020-08-09T14:02:21Z,[рзирзЯ ржкрж░рзНржм] рж╕рзЗрж░рж╛ ржХрзЯрзЗржХржЯрж┐ ржжрзГрж╖рзНржЯрж┐ржнрзНрж░ржо | Top optical and sound illusion bangla|,Miscellaneous,рж╕рждрзНржпрж┐ ржЕрж╕рж╛ржзрж╛рж░ржг ржЫрж┐рж▓ ржЖржорж┐ ржмрж┐рж╢рзНржмрж╛рж╕ ржХрж░рждрзЗ ржкрж╛рж░ржЫрж┐ ржирж╛ ЁЯШ╢ЁЯШ╢ЁЯШ╡ЁЯШ╡ЁЯШ╡ЁЯШ╡ЁЯШ╡ЁЯШ╡ЁЯШ╡ЁЯШ╡,"рж╕рждрзНржпрж┐ ржЕрж╕рж╛ржзрж╛рж░ржг ржЫрж┐рж▓, ржЖржорж┐ ржмрж┐рж╢рзНржмрж╛рж╕ ржХрж░рждрзЗ ржкрж╛рж░ржЫрж┐ ржирж╛ред",Added comma after ржЫрж┐рж▓ and period at the end of the sentence for better readability.
M3GPq-t83RU,Shihab Hossain,2021-02-22T11:38:16Z,Oviman - lyrics | ржЕржнрж┐ржорж╛ржи | Tumi BujhoniтАЛ Ami BoliniтАЛ | Tanveer Evan | Piran Khan | Bangla Song 2021,Entertainment,"ржПржЗ ржЧрж╛ржиржЧрзБрж▓рзЛ рж╢рзБржирж▓рзЗржУ ржоржирзЗ ржЕржирзЗржХ рж╢рж╛ржирзНрждрж┐ рж▓рж╛ржЧрзЗред ржЕржнрж┐ржпрзЛржЧ, ржЕржЬрж╛ржирж╛рзЯ, ржоржирзЗрж░ ржкрзБрж░рзЛржЯрж╛ ржЬрзБрзЬрзЗ ржУ ржЕржнрж┐ржорж╛ржи!тЭд","ржПржЗ ржЧрж╛ржиржЧрзБрж▓рзЛ рж╢рзБржирж▓рзЗржУ ржоржирзЗ ржЕржирзЗржХ рж╢рж╛ржирзНрждрж┐ рж▓рж╛ржЧрзЗред рждржмрзЗ, ржЕржнрж┐ржпрзЛржЧ, ржЕржЬрж╛ржирж╛, ржоржирзЗрж░ ржкрзБрж░рзЛржЯрж╛ ржЬрзБрзЬрзЗ ржПржмржВ ржЕржнрж┐ржорж╛ржи!","ржЕржЬрж╛ржирж╛рзЯ - ржЕржЬрж╛ржирж╛, ржУ - ржПржмржВред"
GO9aD9TgWmE,Ekushey Television - ETV,2022-08-30T10:00:09Z,"ржУржмрж╛рзЯржжрзБрж▓ ржХрж╛ржжрзЗрж░ ржмрж▓рж▓рзЗржи, тАШржЦрзЗрж▓рж╛ рж╣ржмрзЗтАЩ; ржЖрж░ рж░рзБржорж┐ржи ржлрж╛рж░рж╣рж╛ржирж╛ ржмрж▓рж▓рзЗржи, тАШржЖрж╕рзЗржи ржЦрзЗрж▓рж┐тАЩ ! | Quader | Rumeen Farhana",Politics,ржХрж┐ ржЦрзЗрж▓рж╛ ржЦрзЗрж▓рж┐ржЗ ржпрзЗ ржХрж░ржмрзЗ ржХрзЗ ржЬрж╛ржирзЗ.....? ЁЯШДЁЯШД,"ржХрзА ржЦрзЗрж▓рж╛ ржЦрзЗрж▓ржмрзЗ/ржЦрзЗрж▓ржмрзЗ ржпрзЗ, ржХрзЗ ржЬрж╛ржирзЗ...?","ржЦрзЗрж▓рж┐ржЗ-ржЦрзЗрж▓ржмрзЗ/ржЦрзЗрж▓ржмрзЗ, ...?-...?"
hp2IWAT6TGs,Channel 24,2023-11-16T02:57:33Z,рждржлрж╕рж┐рж▓ ржШрзЛрж╖ржгрж╛; ржХрж┐ ржмрж▓ржЫрзЗржи рж╕рж╛ржзрж╛рж░ржг ржорж╛ржирзБрж╖ | Election Commission | Election 2024 | Tofshil Ghosona,News,ржЖрж▓рзНрж▓рж╛рж╣ ржПржжрзЗрж╢рзЗрж░ ржорж╛ржирзБрж╖ржХрзЗ рж╣рзЗржжрж╛ржпрж╝рзЗржд ржжрж╛ржи ржХрж░рзБржи,ржЖрж▓рзНрж▓рж╛рж╣ ржП ржжрзЗрж╢рзЗрж░ ржорж╛ржирзБрж╖ржХрзЗ рж╣рзЗржжрж╛рзЯрзЗржд ржжрж╛ржи ржХрж░рзБржиред,ржПржжрзЗрж╢рзЗрж░-ржП ржжрзЗрж╢рзЗрж░ред
qgs-r-WH4Yc,Jamuna TV,2024-01-15T02:36:22Z,ржирж┐рж░рзНржзрж╛рж░рж┐ржд рж╕ржорзЯрзЗржЗ ржмрж╛рж╕рзНрждржмрж╛рзЯржи ржХрж░рждрзЗ рж╣ржмрзЗ ржкрзНрж░ржХрж▓рзНржк; ржкрж░рж┐ржХрж▓рзНржкржирж╛ржоржирзНрждрзНрж░рзАрж░ рж╣рзБржБрж╢рж┐рзЯрж╛рж░рж┐ | Planning Minister | JTV,News,ржзржирзНржпржмрж╛ржж ржирждрзБржи ржкрж░рж┐ржХрж▓рзНржкржирж╛ ржоржирзНрждрзНрж░рзА ржХрзЗ ржП ржзрж░ржирзЗрж░ ржЙржжрзНржпрзЛржЧ ржирзЗржУрзЯрж╛рж░ ржЬржирзНржп,ржзржирзНржпржмрж╛ржж ржирждрзБржи ржкрж░рж┐ржХрж▓рзНржкржирж╛ржоржирзНрждрзНрж░рзАржХрзЗ ржП ржзрж░ржирзЗрж░ ржЙржжрзНржпрзЛржЧ ржирзЗржУрзЯрж╛рж░ ржЬржирзНржпред,ржкрж░рж┐ржХрж▓рзНржкржирж╛ ржоржирзНрждрзНрж░рзА ржХрзЗ - ржкрж░рж┐ржХрж▓рзНржкржирж╛ржоржирзНрждрзНрж░рзАржХрзЗред
JmYv0ZhYKXg,Rabbit Entertainment,2023-10-20T06:11:07Z,ржЫрзЛржЯрж▓рзЛржХ ржЬрж╛ржорж╛ржЗ ржЪрж╛ржЗ  | Prank King | Miraz Khan | Arohi Mim | Mamun Ar Rashid | Bangla New Natok 2023,Entertainment,ржорж╛ ржЕрж╢рж┐ржХрзНрж╖рж┐ржд рж╣рж▓рзЗржУ ржорж╛ржпрж╝рзЗрж░ ржжрзЗржУржпрж╝рж╛ рж╢рж┐ржХрзНрж╖рж╛ ржХржЦржирзЛ ржЫрзЛржЯ рж╣ржпрж╝ ржирж╛! ржЖрж▓рж╣рж╛ржоржжрзБрж▓рж┐рж▓рзНрж▓рж╛рж╣ ЁЯд▓,ржорж╛ ржЕрж╢рж┐ржХрзНрж╖рж┐ржд рж╣рж▓рзЗржУ ржорж╛рзЯрзЗрж░ ржжрзЗржУрзЯрж╛ рж╢рж┐ржХрзНрж╖рж╛ ржХржЦржирзЛ ржЫрзЛржЯ рж╣рзЯ ржирж╛! ржЖрж▓рж╣рж╛ржоржжрзБрж▓рж┐рж▓рзНрж▓рж╛рж╣ред ЁЯд▓,"ржорж╛ржпрж╝рзЗрж░-ржорж╛рзЯрзЗрж░, ржЫрзЛржЯ - ржЫрзЛржЯ, рж╣ржпрж╝-рж╣рзЯ, ржирж╛!-ржирж╛ред"
oZjyusPtzkY,Jamuna TV,2022-10-31T14:27:28Z,ржШрзЛрзЬрж╛ ржХрзАржнрж╛ржмрзЗ рж╕рж╛ржкрзЗрж░ ржХрж╛ржорзЬ ржерзЗржХрзЗ ржорж╛ржирзБрж╖ржХрзЗ ржмрж╛ржБржЪрж╛рзЯ? | Why horse is used for antivenom? | Jamuna TV,Miscellaneous,ржХрж┐ржЫрзБржжрж┐ржи ржЖржЧрзЗржУ ржкрзНрж░рж┐ржпрж╝ ржмржирзНржзрзБ рж╕рж╛ржкрзЗрж░ ржХрж╛ржорж░рзЗ ржорж╛рж░рж╛ ржЧрзЗржЫрзЗ ЁЯШФ,ржХрж┐ржЫрзБржжрж┐ржи ржЖржЧрзЗржУ ржкрзНрж░рж┐рзЯ ржмржирзНржзрзБ рж╕рж╛ржкрзЗрж░ ржХрж╛ржорзЬрзЗ ржорж╛рж░рж╛ ржЧрзЗржЫрзЗред ЁЯШФ,рж╕рж╛ржкрзЗрж░ ржХрж╛ржорж░рзЗ - рж╕рж╛ржкрзЗрж░ ржХрж╛ржорзЬрзЗред
AZ-BIGbWWyI,DBC NEWS,2023-08-10T02:45:43Z,рж░рж╛ржЬржзрж╛ржирзАрж░ ржоржЧржмрж╛ржЬрж╛рж░ ржлрзНрж▓рж╛ржЗржУржнрж╛рж░рзЗ 'рж░рж╣рж╕рзНржпржЬржиржХ рж╕рзБрзЬржЩрзНржЧ' | DBC NEWS,News,"ржПрждржжрж┐ржи ржкрж░ рж╕рзБрж░ржЩрзНржЧ ржЖржмрж┐рж╖рзНржХрж╛рж░, ржкрзБрж▓рж┐рж╢ ржПрждржжрж┐ржи ржХрж┐ ржШрзБржорзЗ ржЫрж┐рж▓ ЁЯШВЁЯШВЁЯШВ","ржПрждржжрж┐ржи ржкрж░ рж╕рзБрж░ржЩрзНржЧ ржЖржмрж┐рж╖рзНржХрж╛рж░, ржкрзБрж▓рж┐рж╢ ржПрждржжрж┐ржи ржХрж┐ ржШрзБржорзЗ ржЫрж┐рж▓?",ржЫрж┐рж▓ ЁЯШВЁЯШВЁЯШВ - ржЫрж┐рж▓?
4bqPGabTFEs,Funny Facts,2023-01-06T13:55:54Z,ржЕрж╕рзНржерж┐рж░ ржмрж╛ржЩрж╛рж▓рж┐ Part 35ЁЯШВ osthir bengali | funny video | funny facts | facts bangla,Entertainment,ржЕржирзЗржХ ржоржЬрж╛ ржЫрж┐рж▓ ржЖржорж┐ рж╣рж╛рж╕рждрзЗ рж╣рж╛рж╕рждрзЗ рж╢рзЗрж╖ ЁЯдгЁЯдгЁЯдгЁЯдг,"ржЕржирзЗржХ ржоржЬрж╛ ржЫрж┐рж▓, ржЖржорж┐ рж╣рж╛рж╕рждрзЗ рж╣рж╛рж╕рждрзЗ рж╢рзЗрж╖ред","Added a comma after ""ржЫрж┐рж▓"" for better readability and a period at the end of the sentence to indicate completion."
y80X-8VD8fU,Banglavision DRAMA,2023-07-13T13:31:37Z,Putuler Songshar | ржкрзБрждрзБрж▓рзЗрж░ рж╕ржВрж╕рж╛рж░ | Tanjin Tisha | Sohel Mondal | Rinku | Bangla New Natok 2023,Entertainment,ржЕрж╕ржорзНржнржм рж╕рзБржирзНржжрж░ ржПржХржЯрж╛ ржирж╛ржЯржХ рж╣рж╛ржЬрж╛рж░рзЛ ржорж╛ржирзБрж╖ ржирж┐ржЬрзЗрж░ ржЬрзАржмржи ржмрж╛ржЬрж┐ рж░рзЗржЦрзЗ ржЬрзАржмржи ржХрзЗ ржЯрж┐ржХрж┐рзЯрзЗ рж░рж╛ржЦрзЗ ЁЯе║ЁЯе║ЁЯТФЁЯеА,"ржЕрж╕ржорзНржнржм рж╕рзБржирзНржжрж░ ржПржХржЯрж╛ ржирж╛ржЯржХ, ржпрзЗржЦрж╛ржирзЗ рж╣рж╛ржЬрж╛рж░рзЛ ржорж╛ржирзБрж╖ ржирж┐ржЬрзЗрж░ ржЬрзАржмржи ржмрж╛ржЬрж┐ рж░рзЗржЦрзЗ ржЬрзАржмржиржХрзЗ ржЯрж┐ржХрж┐рзЯрзЗ рж░рж╛ржЦрзЗред ЁЯе║ЁЯе║ЁЯТФЁЯеА","ржпрзЗржЦрж╛ржирзЗ - ржпрзЗржЦрж╛ржирзЗ, ржХрзЗ-ржХрзЗред"
rsyyX9O7TnE,Cinemawala Entertainment,2019-07-14T13:15:00Z,"ржорзБржЦрзЗрж░ ржУржкрж░ рж╕рзБржирзНржжрж░рзА ржорзЗрзЯрзЗржХрзЗ ""ржнрж╛рж▓рзЛ рж▓рж╛ржЧрзЗ ржирж╛ржЗ"" ржмрж▓рзЗ ржжрж┐рж▓рзЗ ржХрзЗржоржи рж▓рж╛ржЧрзЗ ЁЯШВ (Video) ЁЯШВ ржЖржлрж░рж╛ржи ржирж┐рж╢рзЛ | рждрж╛ржиржЬрж┐ржи рждрж┐рж╢рж╛",Entertainment,ржирж╛ржЯржХ ржЯрж╛ ржЕржирзЗржХ рж╕рзБржирзНржжрж░ ЁЯША,ржирж╛ржЯржХржЯрж╛ ржЕржирзЗржХ рж╕рзБржирзНржжрж░ред,"ржЯрж╛-ржЯрж╛, ЁЯША-ред"
2lH1WEGZoD8,Desh TV Music,2023-11-18T12:13:28Z,"ржорзБржХрзНрждрж┐ ржкрзЗрж▓ тАШржЬрзЯ ржмрж╛ржВрж▓рж╛, ржЬрж┐рждржмрзЗ ржЖржмрж╛рж░ ржирзМржХрж╛тАЩ ржЧрж╛ржирзЗрж░ ржирждрзБржи рж╕ржВрж╕рзНржХрж░ржг | Joy Bangla Jitbe Abar Nouka | Version 2",Entertainment,ржЧрж╛ржи рж╣рж▓рзЗ ржПржоржи рж╣ржУрзЯрж╛рж░ ржЙржЪрж┐ржд тЭдтЭдтЭдтЭд,"ржЧрж╛ржи ржпржжрж┐ рж╣рзЯ, рждржмрзЗ ржПржоржи рж╣ржУрзЯрж╛ ржЙржЪрж┐рждред тЭдтЭдтЭдтЭд","рж╣рж▓рзЗ-ржпржжрж┐ рж╣рзЯ, ржЙржЪрж┐ржд-ржЙржЪрж┐рждред"
A9al-oYmKnY,Mahakash TV,2022-08-17T04:17:32Z,ржирж╛рж╕рж╛рж░ ржмрж┐ржЬрзНржЮрж╛ржирзАрж░рж╛ ржЪрж╛ржБржжрзЗрж░ ржорж╛ржЯрж┐рждрзЗ ржЧрж╛ржЫ рж▓рж╛ржЧрж┐рзЯрзЗ рж╕ржмрж╛ржЗржХрзЗ ржЕржмрж╛ржХ ржХрж░рзЗ ржжрж┐рж▓рзЛ | Nasa Started Farming on the Moon,Miscellaneous,ржЪрж╛ржБржжрзЗрж░ ржжрзЗрж╢рзЗ ржпрзЗрждрзЗ ржХрждржжрж┐ржи рж▓рж╛ржЧржмрзЗ... рж░ржХрзЗржЯ ржЯрж╛рж░ ЁЯЩЗ,ржЪрж╛ржБржжрзЗрж░ ржжрзЗрж╢рзЗ ржпрзЗрждрзЗ ржХржд ржжрж┐ржи рж▓рж╛ржЧржмрзЗ? рж░ржХрзЗржЯ-ржПрж░/рж░ржХрзЗржЯрзЗрж░ ржЯрж╛рж░рзНржи/ржкрж╛рж▓рж╛ ЁЯЩЗ,"ржХрждржжрж┐ржи-ржХржд ржжрж┐ржи, ржЯрж╛рж░-ржПрж░/рж░ржХрзЗржЯрзЗрж░, ржЯрж╛рж░-ржЯрж╛рж░рзНржи/ржкрж╛рж▓рж╛ред"
HbNKDypgoC4,SOMOY TV,2022-06-17T17:40:39Z,рж╕рж╛рж░рж╛ржжрж┐ржирзЗрж░ рж╕рж╛рж░рзНржмрж┐ржХ ржмржирзНржпрж╛ ржкрж░рж┐рж╕рзНржерж┐рждрж┐: ржХрзЗржоржи ржЖржЫрзЗ рж╕рж┐рж▓рзЗржЯржмрж╛рж╕рзА? | Sylhet Floods Update News | Flood In BD,Miscellaneous,ржЖрж▓рзНрж▓рж╛рж╣ рж╕рж┐рж▓рзЗржЯ ржмрж╛рж╕рж┐ржХрзЗ рж░ржХрзНрж╖рж╛ ржХрж░рзБржиЁЯШвЁЯШв,ржЖрж▓рзНрж▓рж╛рж╣ рж╕рж┐рж▓рзЗржЯржмрж╛рж╕рзАржХрзЗ рж░ржХрзНрж╖рж╛ ржХрж░рзБржиред ЁЯШв,рж╕рж┐рж▓рзЗржЯ ржмрж╛рж╕рж┐ржХрзЗ-рж╕рж┐рж▓рзЗржЯржмрж╛рж╕рзАржХрзЗред
bKs3AV8rwlg,Anupam Movie Songs,2018-10-11T05:00:01Z,Nil Akasher Niche | ржирзАрж▓ ржЖржХрж╛рж╢рзЗрж░ ржирзАржЪрзЗ | Razzak | Khandokar Faruk Ahmed | Nil Akasher Niche,Entertainment,ржП ржЧрж╛ржирзЗрж░ ржкрж┐ржЫржирзЗ рж▓рзБржХрж╛рзЯрж┐ржд ржЖржорж╛рж░ ржирж╛ржоред ржЖржорж╛рж░ ржмрж╛ржмрж╛ ржП ржЫржмрж┐ ржжрзЗржЦрзЗ ржЖржорж╛рж░ ржирж╛ржо ржорж╛ржорзБржи рж░рзЗржЦрзЗржЫрж┐рж▓ред,ржП ржЧрж╛ржирзЗрж░ ржкрзЗржЫржирзЗ рж▓рзБржХрж╛ржирзЛ/рж▓рзБржХрзНржХрж╛рзЯрж┐ржд ржЖржорж╛рж░ ржирж╛ржоред ржЖржорж╛рж░ ржмрж╛ржмрж╛ ржП ржЫржмрж┐ ржжрзЗржЦрзЗ ржЖржорж╛рж░ ржирж╛ржо ржорж╛ржорзБржи рж░рзЗржЦрзЗржЫрж┐рж▓рзЗржиред,"ржкрж┐ржЫржирзЗ/ржкрж┐ржЫржирзЗ-ржкрзЗржЫржирзЗ, рж▓рзБржХрж╛рзЯрж┐ржд-рж▓рзБржХрж╛ржирзЛ/рж▓рзБржХрзНржХрж╛рзЯрж┐ржд, рж░рзЗржЦрзЗржЫрж┐рж▓-рж░рзЗржЦрзЗржЫрж┐рж▓рзЗржиред"
u6KAz-_renI,Burnabee Drama,2023-10-09T10:00:43Z,Maya | ржорж╛рзЯрж╛ | Nirjon Nahuel | Kaspria | Nazmul Evan | Burnabee Drama | Bangla Natok 2023,Entertainment,рждрзЛржорж╛рж░ ржоржи ржЧржнрзАрж░рзЗ рж╕рзНржмржкрзНржи рж░рж╛ржмрж┐рж░ ржХрж░рзЗ  ржЖржЧрж▓рзЗ рж░рзЗржЦрзЛ ржирж┐ржЬрзЗрж░ ржнрзЗржмрзЗ рждрзЛржорж╛рж░ ржкрзНрж░рж┐ржпрж╝ рж╢рж╣рж░рзЗ ржнрж╛рж▓рзЛржмрзЗрж╕рзЗ  ржнрж╛ржЗржпрж╝рж╛ ржПржЗ ржЧрж╛ржиржЯрж╛ ржХрж┐ ржЖрж░ ржжрзЗржУржпрж╝рж╛ рж╣ржмрзЗ ржирж╛ тЭдтЭдтЭд,"рждрзЛржорж╛рж░ ржоржирзЗрж░ ржЧржнрзАрж░рзЗ рж╕рзНржмржкрзНржи рж░рж╛ржЩрж┐рзЯрзЗ/рж░ржЩрж┐рзЯрзЗ ржЖржЧрж▓рзЗ рж░рзЗржЦрзЛ ржирж┐ржЬрзЗрж░ ржнрзЗржмрзЗред рждрзЛржорж╛рж░ ржкрзНрж░рж┐рзЯ рж╢рж╣рж░рзЗ ржнрж╛рж▓рзЛржмрзЗрж╕рзЗ, ржнрж╛ржЗрзЯрж╛, ржПржЗ ржЧрж╛ржиржЯрж╛ ржХрж┐ ржЖрж░ ржжрзЗржУрзЯрж╛ рж╣ржмрзЗ ржирж╛? тЭдтЭдтЭд","ржоржи-ржоржирзЗрж░, рж░рж╛ржмрж┐рж░-рж░рж╛ржЩрж┐рзЯрзЗ/рж░ржЩрж┐рзЯрзЗ, ржХржорж╛ missing after ржнрж╛ржЗрзЯрж╛ред"
d2Q_baJu-Qk,Jamuna Sports,2023-11-08T15:00:40Z,'ржЯрж╛ржЗржоржб ржЖржЙржЯрзЗ'рж░ ржШржЯржирж╛рзЯ ржХрзА ржмрж▓рж▓рзЗржи ржкрзЗрж╕ ржмрзЛрж▓рж┐ржВ ржХрзЛржЪ ржЕрзНржпрж╛рж▓рж╛ржи ржбрзЛржирж╛рж▓рзНржб? | Timed Out | Jamuna Sports,Sports,"ржЖржорж░рж╛ ржЕржмрж╢рзНржпржЗ ржЬрж┐рждрждрж╛ржоредржПрж▓рзЗржи ржбрзЛржирж╛рж▓рзНржб ржпрж╛ ржмрж▓рзЗржЫрзЗржи,рж╕рждрзНржпрж┐ржЗ ржмрж▓рзЗржЫрзЗржиредржПрждрзЗ ржХрж░рзЗ ржЖржорж╛ржжрзЗрж░ ржЬрзЯрзЗрж░ ржорж╛рж╣рж╛рждрзНржорзНржп ржХржорзЗ ржЧрзЗржЫрзЗредржПржЗ ржпрзЗржоржи ржЖржорж╛рж░ ржоржирзЗ ржПржЗ ржЬрзЯржЯрж╛ рждрждржЯрж╛ ржжрж╛ржЧ ржХрж╛ржЯрзЗржирж┐ ржпрждржЯрж╛ ржХрж╛ржЯрждрзЛ ржПржЗ ржЯрж╛ржЗржо ржЖржЙржЯ ржХрж╛ржирзНржбржЯрж╛ ржирж╛ ржШржЯрж▓рзЗредржЬрзЯрзЗ ржЖржиржирзНржж ржкрзЗрзЯрзЗржЫрж┐ ржХрж┐ржирзНрждрзБ ржоржирзЗ ржпрзЗржи ржкрзНрж░рж╢рж╛ржирзНрждрж┐ржЯрж╛ ржкрж╛ржЪрзНржЫрж┐рж▓рж╛ржоржирж╛редрждржмрзЗ ржПрж▓рзЗржи ржбрзЛрж▓рж╛ржирзНржбрзЗрж░ ржХржерж╛ржЧрзБрж▓рзБ рж╢рзБржирзЗ ржХрж┐ржЫрзБржЯрж╛ ржнрж╛рж▓ ржмрзЛржз ржХрж░ржЫрж┐ред","ржЖржорж░рж╛ ржЕржмрж╢рзНржпржЗ ржЬрж┐рждрждрж╛ржоред ржПрж▓рзЗржи ржбрзЛржирж╛рж▓рзНржб ржпрж╛ ржмрж▓рзЗржЫрзЗржи, рж╕рждрзНржпрж┐ржЗ ржмрж▓рзЗржЫрзЗржиред ржПрждрзЗ ржХрж░рзЗ ржЖржорж╛ржжрзЗрж░ ржЬрзЯрзЗрж░ ржорж╛рж╣рж╛рждрзНржорзНржп ржХржорзЗ ржЧрзЗржЫрзЗред ржПржЗ ржпрзЗржоржи ржЖржорж╛рж░ ржоржирзЗ ржПржЗ ржЬрзЯржЯрж╛ рждрждржЯрж╛ ржжрж╛ржЧ ржХрж╛ржЯрзЗржирж┐ ржпрждржЯрж╛ ржХрж╛ржЯржд ржпржжрж┐ ржПржЗ ржЯрж╛ржЗржо ржЖржЙржЯ ржХрж╛ржгрзНржбржЯрж╛ ржирж╛ ржШржЯрждред ржЬрзЯрзЗ ржЖржиржирзНржж ржкрзЗрзЯрзЗржЫрж┐ ржХрж┐ржирзНрждрзБ ржоржирзЗ ржпрзЗржи ржкрзНрж░рж╢рж╛ржирзНрждрж┐ ржкрж╛ржЪрзНржЫрж┐рж▓рж╛ржо ржирж╛ред рждржмрзЗ ржПрж▓рзЗржи ржбрзЛржирж╛рж▓рзНржбрзЗрж░ ржХржерж╛ржЧрзБрж▓рзЛ рж╢рзБржирзЗ ржХрж┐ржЫрзБржЯрж╛ ржнрж╛рж▓рзЛ ржмрзЛржз ржХрж░ржЫрж┐ред","ржПрж▓рзЗржи ржбрзЛржирж╛рж▓рзНржб-ржПрж▓рзЗржи ржбрзЛржирж╛рж▓рзНржб, ржХрж╛ржЯрждрзЛ-ржХрж╛ржЯржд, ржХрж╛ржирзНржбржЯрж╛-ржХрж╛ржгрзНржбржЯрж╛, ржХржерж╛ржЧрзБрж▓рзБ-ржХржерж╛ржЧрзБрж▓рзЛ, ржнрж╛рж▓-ржнрж╛рж▓рзЛред"
ifz2RSOCJKk,Soul Music,2022-02-12T09:30:06Z,Tomare Dekhilo (Lyrics) | Habib | рждрзЛржорж╛рж░рзЗ ржжрзЗржЦрж┐рж▓рзЛ | Nancy | Lyrics Video,Entertainment,"ржорзЗрзЯрзЗржжрзЗрж░ ржмрж┐рзЯрзЗржЯрж╛ ржпржжрж┐ рзирзи ржмржЫрж░ ржмрзЯрж╕рзЗрж░ ржкрж░ рж╣рждрзЛ, рждрж╛рж╣рж▓рзЗ ржХрж┐ржЫрзБ ржЫрзЗрж▓рзЗ ржкрзНрж░рждрж┐рж╖рзНржарж┐ржд рж╣рзЯрзЗ рждрж╛рж░ ржнрж╛рж▓рзЛржмрж╛рж╕рж╛рж░ ржорж╛ржирзБрж╖ржЯрж╛ржХрзЗ ржкрзЗрзЯрзЗ ржпрзЗрждрзЛ!!ЁЯЦд","ржорзЗрзЯрзЗржжрзЗрж░ ржмрж┐рзЯрзЗржЯрж╛ ржпржжрж┐ рзирзи ржмржЫрж░ ржмрзЯрж╕рзЗрж░ ржкрж░ рж╣рждрзЛ, рждрж╛рж╣рж▓рзЗ ржХрж┐ржЫрзБ ржЫрзЗрж▓рзЗ ржкрзНрж░рждрж┐рж╖рзНржарж┐ржд рж╣рзЯрзЗ рждрж╛ржжрзЗрж░ ржнрж╛рж▓рзЛржмрж╛рж╕рж╛рж░ ржорж╛ржирзБрж╖ржЯрж╛ржХрзЗ ржкрзЗржд!! ЁЯЦд","рждрж╛рж░ - рждрж╛ржжрзЗрж░, ржкрзЗрждрзЛ - ржкрзЗрждред"
wKopnRLydJY,Rtv News,2023-02-17T05:57:16Z,рж░рж╛рждрзНрж░рж┐рж░ ржмрж┐рзЯрзЗрж░ ржЖрж╕рж░рзЗ рж╣рж╛ржЬрж┐рж░ рзйрзж ржЬржи ржмрж░! ржорж╛ржерж╛ ржШрзБрж░рзЗ ржЧрзЗрж▓рзЛ ржХржирзЗ ржкржХрзНрж╖рзЗрж░ | Wedding |  Old Dhaka | Rtv News,News,ржмрж┐ржпрж╝рзЗ ржпрждрзЛ ржЫрж┐ржоржЫрж╛ржо ржнрж╛ржмрзЗ ржХрж░рж╛ ржпрж╛ржпрж╝ рждрждрзЛржЗ ржнрж╛рж▓рзЛ! ржпржжрж┐ржУ ржПрждрзЛ ржЖржпрж╝рзЛржЬржи ржарж┐ржХ ржиржпрж╝ рждрж╛рж░ржкрж░ ржУ ржжрзЛржпрж╝рж╛ ржХрж░рж┐ ржпрзЗржи ржУржирж╛рж░рж╛ рж╕рзБржЦрж┐ рж╣рждрзЗ ржкрж╛рж░рзЗ ржЖрж░ ржЖрж▓рзНрж▓рж╛рж╣ ржпрзЗржи рждрж╛ржжрзЗрж░ ржмржжржиржЬрж░ ржерзЗржХрзЗ рж╣рзЗржлрж╛ржЬржд ржХрж░рзЗ ЁЯЩВЁЯМ╗,"ржмрж┐рзЯрзЗ ржпржд ржЫрж┐ржоржЫрж╛ржоржнрж╛ржмрзЗ ржХрж░рж╛ ржпрж╛рзЯ рждрждржЗ ржнрж╛рж▓рзЛ! ржпржжрж┐ржУ ржПржд ржЖрзЯрзЛржЬржи ржарж┐ржХ ржирзЯ, рждрж╛рж░ржкрж░ржУ ржжрзЛрзЯрж╛ ржХрж░рж┐ ржпрзЗржи рждрж╛ржБрж░рж╛ рж╕рзБржЦрзА рж╣рждрзЗ ржкрж╛рж░рзЗ ржЖрж░ ржЖрж▓рзНрж▓рж╛рж╣ ржпрзЗржи рждрж╛ржБржжрзЗрж░ ржмржжржиржЬрж░ ржерзЗржХрзЗ рж╣рзЗржлрж╛ржЬржд ржХрж░рзЗржиред ЁЯЩВЁЯМ╗","ржпрждрзЛ-ржпржд, ржнрж╛ржмрзЗ-ржнрж╛ржмрзЗ, рждрждрзЛржЗ-рждрждржЗ, ржПрждрзЛ-ржПржд, ржУ-ржУ, ржУржирж╛рж░рж╛-рждрж╛ржБрж░рж╛, рждрж╛ржжрзЗрж░-рждрж╛ржБржжрзЗрж░, ржХрж░рзЗ-ржХрж░рзЗржиред"
